ref_id,asset,stock_name,strike_price,option_type,expiry,exchange,lot_size,tick_size
1197444,ADANIENT,ADANIENT26FEB880CE,88000,CE,20260224,NSE,309,5
1197445,ADANIENT,ADANIENT26FEB880PE,88000,PE,20260224,NSE,309,5
1197446,ADANIENT,ADANIENT26FEB920CE,92000,CE,20260224,NSE,309,5
1197447,ADANIENT,ADANIENT26FEB920PE,92000,PE,20260224,NSE,309,5
1192881,ADANIENT,ADANIENT26FEB960CE,96000,CE,20260224,NSE,309,5
1192882,ADANIENT,ADANIENT26FEB960PE,96000,PE,20260224,NSE,309,5
1192883,ADANIENT,ADANIENT26FEB1000CE,100000,CE,20260224,NSE,309,5
1192884,ADANIENT,ADANIENT26FEB1000PE,100000,PE,20260224,NSE,309,5
1191419,ADANIENT,ADANIENT26FEB1040CE,104000,CE,20260224,NSE,309,5
1191420,ADANIENT,ADANIENT26FEB1040PE,104000,PE,20260224,NSE,309,5
1185693,ADANIENT,ADANIENT26FEB1080CE,108000,CE,20260224,NSE,309,5
1185694,ADANIENT,ADANIENT26FEB1080PE,108000,PE,20260224,NSE,309,5
1136048,ADANIENT,ADANIENT26FEB1120CE,112000,CE,20260224,NSE,309,5
1136049,ADANIENT,ADANIENT26FEB1120PE,112000,PE,20260224,NSE,309,5
1136050,ADANIENT,ADANIENT26FEB1160CE,116000,CE,20260224,NSE,309,5
1136051,ADANIENT,ADANIENT26FEB1160PE,116000,PE,20260224,NSE,309,5
1107742,ADANIENT,ADANIENT26FEB1200CE,120000,CE,20260224,NSE,309,5
1107743,ADANIENT,ADANIENT26FEB1200PE,120000,PE,20260224,NSE,309,5
1136052,ADANIENT,ADANIENT26FEB1240CE,124000,CE,20260224,NSE,309,5
1136053,ADANIENT,ADANIENT26FEB1240PE,124000,PE,20260224,NSE,309,5
1098122,ADANIENT,ADANIENT26FEB1280CE,128000,CE,20260224,NSE,309,5
1098123,ADANIENT,ADANIENT26FEB1280PE,128000,PE,20260224,NSE,309,5
1197452,ADANIENT,ADANIENT26FEB1300CE,130000,CE,20260224,NSE,309,5
1197453,ADANIENT,ADANIENT26FEB1300PE,130000,PE,20260224,NSE,309,5
1136054,ADANIENT,ADANIENT26FEB1320CE,132000,CE,20260224,NSE,309,5
1136055,ADANIENT,ADANIENT26FEB1320PE,132000,PE,20260224,NSE,309,5
1197454,ADANIENT,ADANIENT26FEB1340CE,134000,CE,20260224,NSE,309,5
1197455,ADANIENT,ADANIENT26FEB1340PE,134000,PE,20260224,NSE,309,5
1069663,ADANIENT,ADANIENT26FEB1360CE,136000,CE,20260224,NSE,309,5
1069664,ADANIENT,ADANIENT26FEB1360PE,136000,PE,20260224,NSE,309,5
1195246,ADANIENT,ADANIENT26FEB1380CE,138000,CE,20260224,NSE,309,5
1195247,ADANIENT,ADANIENT26FEB1380PE,138000,PE,20260224,NSE,309,5
1136056,ADANIENT,ADANIENT26FEB1400CE,140000,CE,20260224,NSE,309,5
1136057,ADANIENT,ADANIENT26FEB1400PE,140000,PE,20260224,NSE,309,5
1192885,ADANIENT,ADANIENT26FEB1420CE,142000,CE,20260224,NSE,309,5
1192886,ADANIENT,ADANIENT26FEB1420PE,142000,PE,20260224,NSE,309,5
1069665,ADANIENT,ADANIENT26FEB1440CE,144000,CE,20260224,NSE,309,5
1069666,ADANIENT,ADANIENT26FEB1440PE,144000,PE,20260224,NSE,309,5
1192887,ADANIENT,ADANIENT26FEB1460CE,146000,CE,20260224,NSE,309,5
1192888,ADANIENT,ADANIENT26FEB1460PE,146000,PE,20260224,NSE,309,5
1107744,ADANIENT,ADANIENT26FEB1480CE,148000,CE,20260224,NSE,309,5
1107745,ADANIENT,ADANIENT26FEB1480PE,148000,PE,20260224,NSE,309,5
1185695,ADANIENT,ADANIENT26FEB1500CE,150000,CE,20260224,NSE,309,5
1185696,ADANIENT,ADANIENT26FEB1500PE,150000,PE,20260224,NSE,309,5
1069667,ADANIENT,ADANIENT26FEB1520CE,152000,CE,20260224,NSE,309,5
1069668,ADANIENT,ADANIENT26FEB1520PE,152000,PE,20260224,NSE,309,5
1185697,ADANIENT,ADANIENT26FEB1540CE,154000,CE,20260224,NSE,309,5
1185698,ADANIENT,ADANIENT26FEB1540PE,154000,PE,20260224,NSE,309,5
1098124,ADANIENT,ADANIENT26FEB1560CE,156000,CE,20260224,NSE,309,5
1098125,ADANIENT,ADANIENT26FEB1560PE,156000,PE,20260224,NSE,309,5
1136058,ADANIENT,ADANIENT26FEB1580CE,158000,CE,20260224,NSE,309,5
1136059,ADANIENT,ADANIENT26FEB1580PE,158000,PE,20260224,NSE,309,5
1069669,ADANIENT,ADANIENT26FEB1600CE,160000,CE,20260224,NSE,309,5
1069670,ADANIENT,ADANIENT26FEB1600PE,160000,PE,20260224,NSE,309,5
1136060,ADANIENT,ADANIENT26FEB1620CE,162000,CE,20260224,NSE,309,5
1136061,ADANIENT,ADANIENT26FEB1620PE,162000,PE,20260224,NSE,309,5
1069671,ADANIENT,ADANIENT26FEB1640CE,164000,CE,20260224,NSE,309,5
1069672,ADANIENT,ADANIENT26FEB1640PE,164000,PE,20260224,NSE,309,5
1136062,ADANIENT,ADANIENT26FEB1660CE,166000,CE,20260224,NSE,309,5
1136063,ADANIENT,ADANIENT26FEB1660PE,166000,PE,20260224,NSE,309,5
1069673,ADANIENT,ADANIENT26FEB1680CE,168000,CE,20260224,NSE,309,5
1069674,ADANIENT,ADANIENT26FEB1680PE,168000,PE,20260224,NSE,309,5
1136064,ADANIENT,ADANIENT26FEB1700CE,170000,CE,20260224,NSE,309,5
1136065,ADANIENT,ADANIENT26FEB1700PE,170000,PE,20260224,NSE,309,5
1069675,ADANIENT,ADANIENT26FEB1720CE,172000,CE,20260224,NSE,309,5
1069676,ADANIENT,ADANIENT26FEB1720PE,172000,PE,20260224,NSE,309,5
1136066,ADANIENT,ADANIENT26FEB1740CE,174000,CE,20260224,NSE,309,5
1136067,ADANIENT,ADANIENT26FEB1740PE,174000,PE,20260224,NSE,309,5
1069677,ADANIENT,ADANIENT26FEB1760CE,176000,CE,20260224,NSE,309,5
1069678,ADANIENT,ADANIENT26FEB1760PE,176000,PE,20260224,NSE,309,5
1136068,ADANIENT,ADANIENT26FEB1780CE,178000,CE,20260224,NSE,309,5
1136069,ADANIENT,ADANIENT26FEB1780PE,178000,PE,20260224,NSE,309,5
1069679,ADANIENT,ADANIENT26FEB1800CE,180000,CE,20260224,NSE,309,5
1069680,ADANIENT,ADANIENT26FEB1800PE,180000,PE,20260224,NSE,309,5
1136070,ADANIENT,ADANIENT26FEB1820CE,182000,CE,20260224,NSE,309,5
1136071,ADANIENT,ADANIENT26FEB1820PE,182000,PE,20260224,NSE,309,5
1069681,ADANIENT,ADANIENT26FEB1840CE,184000,CE,20260224,NSE,309,5
1069682,ADANIENT,ADANIENT26FEB1840PE,184000,PE,20260224,NSE,309,5
1136072,ADANIENT,ADANIENT26FEB1860CE,186000,CE,20260224,NSE,309,5
1136073,ADANIENT,ADANIENT26FEB1860PE,186000,PE,20260224,NSE,309,5
1069683,ADANIENT,ADANIENT26FEB1880CE,188000,CE,20260224,NSE,309,5
1069684,ADANIENT,ADANIENT26FEB1880PE,188000,PE,20260224,NSE,309,5
1136074,ADANIENT,ADANIENT26FEB1900CE,190000,CE,20260224,NSE,309,5
1136075,ADANIENT,ADANIENT26FEB1900PE,190000,PE,20260224,NSE,309,5
1069685,ADANIENT,ADANIENT26FEB1920CE,192000,CE,20260224,NSE,309,5
1069686,ADANIENT,ADANIENT26FEB1920PE,192000,PE,20260224,NSE,309,5
1136076,ADANIENT,ADANIENT26FEB1940CE,194000,CE,20260224,NSE,309,5
1136077,ADANIENT,ADANIENT26FEB1940PE,194000,PE,20260224,NSE,309,5
1069687,ADANIENT,ADANIENT26FEB1960CE,196000,CE,20260224,NSE,309,5
1069688,ADANIENT,ADANIENT26FEB1960PE,196000,PE,20260224,NSE,309,5
1136078,ADANIENT,ADANIENT26FEB1980CE,198000,CE,20260224,NSE,309,5
1136079,ADANIENT,ADANIENT26FEB1980PE,198000,PE,20260224,NSE,309,5
1069689,ADANIENT,ADANIENT26FEB2000CE,200000,CE,20260224,NSE,309,5
1069690,ADANIENT,ADANIENT26FEB2000PE,200000,PE,20260224,NSE,309,5
1136080,ADANIENT,ADANIENT26FEB2020CE,202000,CE,20260224,NSE,309,5
1136081,ADANIENT,ADANIENT26FEB2020PE,202000,PE,20260224,NSE,309,5
1069691,ADANIENT,ADANIENT26FEB2040CE,204000,CE,20260224,NSE,309,5
1069692,ADANIENT,ADANIENT26FEB2040PE,204000,PE,20260224,NSE,309,5
1136082,ADANIENT,ADANIENT26FEB2060CE,206000,CE,20260224,NSE,309,5
1136083,ADANIENT,ADANIENT26FEB2060PE,206000,PE,20260224,NSE,309,5
1069693,ADANIENT,ADANIENT26FEB2080CE,208000,CE,20260224,NSE,309,5
1069694,ADANIENT,ADANIENT26FEB2080PE,208000,PE,20260224,NSE,309,5
1136084,ADANIENT,ADANIENT26FEB2100CE,210000,CE,20260224,NSE,309,5
1136085,ADANIENT,ADANIENT26FEB2100PE,210000,PE,20260224,NSE,309,5
1069695,ADANIENT,ADANIENT26FEB2120CE,212000,CE,20260224,NSE,309,5
1069696,ADANIENT,ADANIENT26FEB2120PE,212000,PE,20260224,NSE,309,5
1136086,ADANIENT,ADANIENT26FEB2140CE,214000,CE,20260224,NSE,309,5
1136087,ADANIENT,ADANIENT26FEB2140PE,214000,PE,20260224,NSE,309,5
1069697,ADANIENT,ADANIENT26FEB2160CE,216000,CE,20260224,NSE,309,5
1069698,ADANIENT,ADANIENT26FEB2160PE,216000,PE,20260224,NSE,309,5
1136088,ADANIENT,ADANIENT26FEB2180CE,218000,CE,20260224,NSE,309,5
1136089,ADANIENT,ADANIENT26FEB2180PE,218000,PE,20260224,NSE,309,5
1069699,ADANIENT,ADANIENT26FEB2200CE,220000,CE,20260224,NSE,309,5
1069700,ADANIENT,ADANIENT26FEB2200PE,220000,PE,20260224,NSE,309,5
1136090,ADANIENT,ADANIENT26FEB2220CE,222000,CE,20260224,NSE,309,5
1136091,ADANIENT,ADANIENT26FEB2220PE,222000,PE,20260224,NSE,309,5
1069701,ADANIENT,ADANIENT26FEB2240CE,224000,CE,20260224,NSE,309,5
1069702,ADANIENT,ADANIENT26FEB2240PE,224000,PE,20260224,NSE,309,5
1136092,ADANIENT,ADANIENT26FEB2260CE,226000,CE,20260224,NSE,309,5
1136093,ADANIENT,ADANIENT26FEB2260PE,226000,PE,20260224,NSE,309,5
1069703,ADANIENT,ADANIENT26FEB2280CE,228000,CE,20260224,NSE,309,5
1069704,ADANIENT,ADANIENT26FEB2280PE,228000,PE,20260224,NSE,309,5
1136094,ADANIENT,ADANIENT26FEB2300CE,230000,CE,20260224,NSE,309,5
1136095,ADANIENT,ADANIENT26FEB2300PE,230000,PE,20260224,NSE,309,5
1069705,ADANIENT,ADANIENT26FEB2320CE,232000,CE,20260224,NSE,309,5
1069706,ADANIENT,ADANIENT26FEB2320PE,232000,PE,20260224,NSE,309,5
1136096,ADANIENT,ADANIENT26FEB2340CE,234000,CE,20260224,NSE,309,5
1136097,ADANIENT,ADANIENT26FEB2340PE,234000,PE,20260224,NSE,309,5
1069707,ADANIENT,ADANIENT26FEB2360CE,236000,CE,20260224,NSE,309,5
1069708,ADANIENT,ADANIENT26FEB2360PE,236000,PE,20260224,NSE,309,5
1136098,ADANIENT,ADANIENT26FEB2380CE,238000,CE,20260224,NSE,309,5
1136099,ADANIENT,ADANIENT26FEB2380PE,238000,PE,20260224,NSE,309,5
1069709,ADANIENT,ADANIENT26FEB2400CE,240000,CE,20260224,NSE,309,5
1069710,ADANIENT,ADANIENT26FEB2400PE,240000,PE,20260224,NSE,309,5
1136100,ADANIENT,ADANIENT26FEB2420CE,242000,CE,20260224,NSE,309,5
1136101,ADANIENT,ADANIENT26FEB2420PE,242000,PE,20260224,NSE,309,5
1069711,ADANIENT,ADANIENT26FEB2440CE,244000,CE,20260224,NSE,309,5
1069712,ADANIENT,ADANIENT26FEB2440PE,244000,PE,20260224,NSE,309,5
1136102,ADANIENT,ADANIENT26FEB2460CE,246000,CE,20260224,NSE,309,5
1136103,ADANIENT,ADANIENT26FEB2460PE,246000,PE,20260224,NSE,309,5
1069713,ADANIENT,ADANIENT26FEB2480CE,248000,CE,20260224,NSE,309,5
1069714,ADANIENT,ADANIENT26FEB2480PE,248000,PE,20260224,NSE,309,5
1136104,ADANIENT,ADANIENT26FEB2500CE,250000,CE,20260224,NSE,309,5
1136105,ADANIENT,ADANIENT26FEB2500PE,250000,PE,20260224,NSE,309,5
1069715,ADANIENT,ADANIENT26FEB2520CE,252000,CE,20260224,NSE,309,5
1069716,ADANIENT,ADANIENT26FEB2520PE,252000,PE,20260224,NSE,309,5
1136106,ADANIENT,ADANIENT26FEB2540CE,254000,CE,20260224,NSE,309,5
1136107,ADANIENT,ADANIENT26FEB2540PE,254000,PE,20260224,NSE,309,5
1069717,ADANIENT,ADANIENT26FEB2560CE,256000,CE,20260224,NSE,309,5
1069718,ADANIENT,ADANIENT26FEB2560PE,256000,PE,20260224,NSE,309,5
1136108,ADANIENT,ADANIENT26FEB2580CE,258000,CE,20260224,NSE,309,5
1136109,ADANIENT,ADANIENT26FEB2580PE,258000,PE,20260224,NSE,309,5
1069719,ADANIENT,ADANIENT26FEB2600CE,260000,CE,20260224,NSE,309,5
1069720,ADANIENT,ADANIENT26FEB2600PE,260000,PE,20260224,NSE,309,5
1136110,ADANIENT,ADANIENT26FEB2620CE,262000,CE,20260224,NSE,309,5
1136111,ADANIENT,ADANIENT26FEB2620PE,262000,PE,20260224,NSE,309,5
1069721,ADANIENT,ADANIENT26FEB2640CE,264000,CE,20260224,NSE,309,5
1069722,ADANIENT,ADANIENT26FEB2640PE,264000,PE,20260224,NSE,309,5
1136112,ADANIENT,ADANIENT26FEB2660CE,266000,CE,20260224,NSE,309,5
1136113,ADANIENT,ADANIENT26FEB2660PE,266000,PE,20260224,NSE,309,5
1069723,ADANIENT,ADANIENT26FEB2680CE,268000,CE,20260224,NSE,309,5
1069724,ADANIENT,ADANIENT26FEB2680PE,268000,PE,20260224,NSE,309,5
1136114,ADANIENT,ADANIENT26FEB2700CE,270000,CE,20260224,NSE,309,5
1136115,ADANIENT,ADANIENT26FEB2700PE,270000,PE,20260224,NSE,309,5
1069725,ADANIENT,ADANIENT26FEB2720CE,272000,CE,20260224,NSE,309,5
1069726,ADANIENT,ADANIENT26FEB2720PE,272000,PE,20260224,NSE,309,5
1136116,ADANIENT,ADANIENT26FEB2740CE,274000,CE,20260224,NSE,309,5
1136117,ADANIENT,ADANIENT26FEB2740PE,274000,PE,20260224,NSE,309,5
1069727,ADANIENT,ADANIENT26FEB2760CE,276000,CE,20260224,NSE,309,5
1069728,ADANIENT,ADANIENT26FEB2760PE,276000,PE,20260224,NSE,309,5
1136118,ADANIENT,ADANIENT26FEB2780CE,278000,CE,20260224,NSE,309,5
1136119,ADANIENT,ADANIENT26FEB2780PE,278000,PE,20260224,NSE,309,5
1069729,ADANIENT,ADANIENT26FEB2800CE,280000,CE,20260224,NSE,309,5
1069730,ADANIENT,ADANIENT26FEB2800PE,280000,PE,20260224,NSE,309,5
1136120,ADANIENT,ADANIENT26FEB2820CE,282000,CE,20260224,NSE,309,5
1136121,ADANIENT,ADANIENT26FEB2820PE,282000,PE,20260224,NSE,309,5
1069731,ADANIENT,ADANIENT26FEB2840CE,284000,CE,20260224,NSE,309,5
1069732,ADANIENT,ADANIENT26FEB2840PE,284000,PE,20260224,NSE,309,5
1136122,ADANIENT,ADANIENT26FEB2860CE,286000,CE,20260224,NSE,309,5
1136123,ADANIENT,ADANIENT26FEB2860PE,286000,PE,20260224,NSE,309,5
1069733,ADANIENT,ADANIENT26FEB2880CE,288000,CE,20260224,NSE,309,5
1069734,ADANIENT,ADANIENT26FEB2880PE,288000,PE,20260224,NSE,309,5
1069735,ADANIENT,ADANIENT26FEB2920CE,292000,CE,20260224,NSE,309,5
1069736,ADANIENT,ADANIENT26FEB2920PE,292000,PE,20260224,NSE,309,5
1069737,ADANIENT,ADANIENT26FEB2960CE,296000,CE,20260224,NSE,309,5
1069738,ADANIENT,ADANIENT26FEB2960PE,296000,PE,20260224,NSE,309,5
1069739,ADANIENT,ADANIENT26FEB3000CE,300000,CE,20260224,NSE,309,5
1069740,ADANIENT,ADANIENT26FEB3000PE,300000,PE,20260224,NSE,309,5
1069741,ADANIENT,ADANIENT26FEB3040CE,304000,CE,20260224,NSE,309,5
1069742,ADANIENT,ADANIENT26FEB3040PE,304000,PE,20260224,NSE,309,5
1136124,ADANIENT,ADANIENT26FEB3080CE,308000,CE,20260224,NSE,309,5
1136125,ADANIENT,ADANIENT26FEB3080PE,308000,PE,20260224,NSE,309,5
1069743,ADANIENT,ADANIENT26FEB3120CE,312000,CE,20260224,NSE,309,5
1069744,ADANIENT,ADANIENT26FEB3120PE,312000,PE,20260224,NSE,309,5
1136126,ADANIENT,ADANIENT26FEB3160CE,316000,CE,20260224,NSE,309,5
1136127,ADANIENT,ADANIENT26FEB3160PE,316000,PE,20260224,NSE,309,5
1069745,ADANIENT,ADANIENT26FEB3200CE,320000,CE,20260224,NSE,309,5
1069746,ADANIENT,ADANIENT26FEB3200PE,320000,PE,20260224,NSE,309,5
1136128,ADANIENT,ADANIENT26FEB3240CE,324000,CE,20260224,NSE,309,5
1136129,ADANIENT,ADANIENT26FEB3240PE,324000,PE,20260224,NSE,309,5
1069747,ADANIENT,ADANIENT26FEB3280CE,328000,CE,20260224,NSE,309,5
1069748,ADANIENT,ADANIENT26FEB3280PE,328000,PE,20260224,NSE,309,5
1197456,ADANIENT,ADANIENT26MAR880CE,88000,CE,20260330,NSE,309,5
1197457,ADANIENT,ADANIENT26MAR880PE,88000,PE,20260330,NSE,309,5
1202916,ADANIENT,ADANIENT26MAR920CE,92000,CE,20260330,NSE,309,5
1202917,ADANIENT,ADANIENT26MAR920PE,92000,PE,20260330,NSE,309,5
1197458,ADANIENT,ADANIENT26MAR960CE,96000,CE,20260330,NSE,309,5
1197459,ADANIENT,ADANIENT26MAR960PE,96000,PE,20260330,NSE,309,5
1202918,ADANIENT,ADANIENT26MAR1000CE,100000,CE,20260330,NSE,309,5
1202919,ADANIENT,ADANIENT26MAR1000PE,100000,PE,20260330,NSE,309,5
1195248,ADANIENT,ADANIENT26MAR1040CE,104000,CE,20260330,NSE,309,5
1195249,ADANIENT,ADANIENT26MAR1040PE,104000,PE,20260330,NSE,309,5
1202920,ADANIENT,ADANIENT26MAR1080CE,108000,CE,20260330,NSE,309,5
1202921,ADANIENT,ADANIENT26MAR1080PE,108000,PE,20260330,NSE,309,5
1192889,ADANIENT,ADANIENT26MAR1120CE,112000,CE,20260330,NSE,309,5
1192890,ADANIENT,ADANIENT26MAR1120PE,112000,PE,20260330,NSE,309,5
1197460,ADANIENT,ADANIENT26MAR1160CE,116000,CE,20260330,NSE,309,5
1197461,ADANIENT,ADANIENT26MAR1160PE,116000,PE,20260330,NSE,309,5
1185699,ADANIENT,ADANIENT26MAR1200CE,120000,CE,20260330,NSE,309,5
1185700,ADANIENT,ADANIENT26MAR1200PE,120000,PE,20260330,NSE,309,5
1197462,ADANIENT,ADANIENT26MAR1240CE,124000,CE,20260330,NSE,309,5
1197463,ADANIENT,ADANIENT26MAR1240PE,124000,PE,20260330,NSE,309,5
1136130,ADANIENT,ADANIENT26MAR1280CE,128000,CE,20260330,NSE,309,5
1136131,ADANIENT,ADANIENT26MAR1280PE,128000,PE,20260330,NSE,309,5
1202922,ADANIENT,ADANIENT26MAR1300CE,130000,CE,20260330,NSE,309,5
1202923,ADANIENT,ADANIENT26MAR1300PE,130000,PE,20260330,NSE,309,5
1192891,ADANIENT,ADANIENT26MAR1320CE,132000,CE,20260330,NSE,309,5
1192892,ADANIENT,ADANIENT26MAR1320PE,132000,PE,20260330,NSE,309,5
1202924,ADANIENT,ADANIENT26MAR1340CE,134000,CE,20260330,NSE,309,5
1202925,ADANIENT,ADANIENT26MAR1340PE,134000,PE,20260330,NSE,309,5
1136132,ADANIENT,ADANIENT26MAR1360CE,136000,CE,20260330,NSE,309,5
1136133,ADANIENT,ADANIENT26MAR1360PE,136000,PE,20260330,NSE,309,5
1202926,ADANIENT,ADANIENT26MAR1380CE,138000,CE,20260330,NSE,309,5
1202927,ADANIENT,ADANIENT26MAR1380PE,138000,PE,20260330,NSE,309,5
1191421,ADANIENT,ADANIENT26MAR1400CE,140000,CE,20260330,NSE,309,5
1191422,ADANIENT,ADANIENT26MAR1400PE,140000,PE,20260330,NSE,309,5
1202928,ADANIENT,ADANIENT26MAR1420CE,142000,CE,20260330,NSE,309,5
1202929,ADANIENT,ADANIENT26MAR1420PE,142000,PE,20260330,NSE,309,5
1136134,ADANIENT,ADANIENT26MAR1440CE,144000,CE,20260330,NSE,309,5
1136135,ADANIENT,ADANIENT26MAR1440PE,144000,PE,20260330,NSE,309,5
1202930,ADANIENT,ADANIENT26MAR1460CE,146000,CE,20260330,NSE,309,5
1202931,ADANIENT,ADANIENT26MAR1460PE,146000,PE,20260330,NSE,309,5
1136136,ADANIENT,ADANIENT26MAR1480CE,148000,CE,20260330,NSE,309,5
1136137,ADANIENT,ADANIENT26MAR1480PE,148000,PE,20260330,NSE,309,5
1202932,ADANIENT,ADANIENT26MAR1500CE,150000,CE,20260330,NSE,309,5
1202933,ADANIENT,ADANIENT26MAR1500PE,150000,PE,20260330,NSE,309,5
1136138,ADANIENT,ADANIENT26MAR1520CE,152000,CE,20260330,NSE,309,5
1136139,ADANIENT,ADANIENT26MAR1520PE,152000,PE,20260330,NSE,309,5
1202934,ADANIENT,ADANIENT26MAR1540CE,154000,CE,20260330,NSE,309,5
1202935,ADANIENT,ADANIENT26MAR1540PE,154000,PE,20260330,NSE,309,5
1136140,ADANIENT,ADANIENT26MAR1560CE,156000,CE,20260330,NSE,309,5
1136141,ADANIENT,ADANIENT26MAR1560PE,156000,PE,20260330,NSE,309,5
1202936,ADANIENT,ADANIENT26MAR1580CE,158000,CE,20260330,NSE,309,5
1202937,ADANIENT,ADANIENT26MAR1580PE,158000,PE,20260330,NSE,309,5
1136142,ADANIENT,ADANIENT26MAR1600CE,160000,CE,20260330,NSE,309,5
1136143,ADANIENT,ADANIENT26MAR1600PE,160000,PE,20260330,NSE,309,5
1202938,ADANIENT,ADANIENT26MAR1620CE,162000,CE,20260330,NSE,309,5
1202939,ADANIENT,ADANIENT26MAR1620PE,162000,PE,20260330,NSE,309,5
1136144,ADANIENT,ADANIENT26MAR1640CE,164000,CE,20260330,NSE,309,5
1136145,ADANIENT,ADANIENT26MAR1640PE,164000,PE,20260330,NSE,309,5
1202940,ADANIENT,ADANIENT26MAR1660CE,166000,CE,20260330,NSE,309,5
1202941,ADANIENT,ADANIENT26MAR1660PE,166000,PE,20260330,NSE,309,5
1136146,ADANIENT,ADANIENT26MAR1680CE,168000,CE,20260330,NSE,309,5
1136147,ADANIENT,ADANIENT26MAR1680PE,168000,PE,20260330,NSE,309,5
1202942,ADANIENT,ADANIENT26MAR1700CE,170000,CE,20260330,NSE,309,5
1202943,ADANIENT,ADANIENT26MAR1700PE,170000,PE,20260330,NSE,309,5
1136148,ADANIENT,ADANIENT26MAR1720CE,172000,CE,20260330,NSE,309,5
1136149,ADANIENT,ADANIENT26MAR1720PE,172000,PE,20260330,NSE,309,5
1202944,ADANIENT,ADANIENT26MAR1740CE,174000,CE,20260330,NSE,309,5
1202945,ADANIENT,ADANIENT26MAR1740PE,174000,PE,20260330,NSE,309,5
1136150,ADANIENT,ADANIENT26MAR1760CE,176000,CE,20260330,NSE,309,5
1136151,ADANIENT,ADANIENT26MAR1760PE,176000,PE,20260330,NSE,309,5
1202946,ADANIENT,ADANIENT26MAR1780CE,178000,CE,20260330,NSE,309,5
1202947,ADANIENT,ADANIENT26MAR1780PE,178000,PE,20260330,NSE,309,5
1136152,ADANIENT,ADANIENT26MAR1800CE,180000,CE,20260330,NSE,309,5
1136153,ADANIENT,ADANIENT26MAR1800PE,180000,PE,20260330,NSE,309,5
1202948,ADANIENT,ADANIENT26MAR1820CE,182000,CE,20260330,NSE,309,5
1202949,ADANIENT,ADANIENT26MAR1820PE,182000,PE,20260330,NSE,309,5
1136154,ADANIENT,ADANIENT26MAR1840CE,184000,CE,20260330,NSE,309,5
1136155,ADANIENT,ADANIENT26MAR1840PE,184000,PE,20260330,NSE,309,5
1202950,ADANIENT,ADANIENT26MAR1860CE,186000,CE,20260330,NSE,309,5
1202951,ADANIENT,ADANIENT26MAR1860PE,186000,PE,20260330,NSE,309,5
1136156,ADANIENT,ADANIENT26MAR1880CE,188000,CE,20260330,NSE,309,5
1136157,ADANIENT,ADANIENT26MAR1880PE,188000,PE,20260330,NSE,309,5
1202952,ADANIENT,ADANIENT26MAR1900CE,190000,CE,20260330,NSE,309,5
1202953,ADANIENT,ADANIENT26MAR1900PE,190000,PE,20260330,NSE,309,5
1136158,ADANIENT,ADANIENT26MAR1920CE,192000,CE,20260330,NSE,309,5
1136159,ADANIENT,ADANIENT26MAR1920PE,192000,PE,20260330,NSE,309,5
1202954,ADANIENT,ADANIENT26MAR1940CE,194000,CE,20260330,NSE,309,5
1202955,ADANIENT,ADANIENT26MAR1940PE,194000,PE,20260330,NSE,309,5
1136160,ADANIENT,ADANIENT26MAR1960CE,196000,CE,20260330,NSE,309,5
1136161,ADANIENT,ADANIENT26MAR1960PE,196000,PE,20260330,NSE,309,5
1202956,ADANIENT,ADANIENT26MAR1980CE,198000,CE,20260330,NSE,309,5
1202957,ADANIENT,ADANIENT26MAR1980PE,198000,PE,20260330,NSE,309,5
1136162,ADANIENT,ADANIENT26MAR2000CE,200000,CE,20260330,NSE,309,5
1136163,ADANIENT,ADANIENT26MAR2000PE,200000,PE,20260330,NSE,309,5
1202958,ADANIENT,ADANIENT26MAR2020CE,202000,CE,20260330,NSE,309,5
1202959,ADANIENT,ADANIENT26MAR2020PE,202000,PE,20260330,NSE,309,5
1136164,ADANIENT,ADANIENT26MAR2040CE,204000,CE,20260330,NSE,309,5
1136165,ADANIENT,ADANIENT26MAR2040PE,204000,PE,20260330,NSE,309,5
1202960,ADANIENT,ADANIENT26MAR2060CE,206000,CE,20260330,NSE,309,5
1202961,ADANIENT,ADANIENT26MAR2060PE,206000,PE,20260330,NSE,309,5
1136166,ADANIENT,ADANIENT26MAR2080CE,208000,CE,20260330,NSE,309,5
1136167,ADANIENT,ADANIENT26MAR2080PE,208000,PE,20260330,NSE,309,5
1202962,ADANIENT,ADANIENT26MAR2100CE,210000,CE,20260330,NSE,309,5
1202963,ADANIENT,ADANIENT26MAR2100PE,210000,PE,20260330,NSE,309,5
1136168,ADANIENT,ADANIENT26MAR2120CE,212000,CE,20260330,NSE,309,5
1136169,ADANIENT,ADANIENT26MAR2120PE,212000,PE,20260330,NSE,309,5
1202964,ADANIENT,ADANIENT26MAR2140CE,214000,CE,20260330,NSE,309,5
1202965,ADANIENT,ADANIENT26MAR2140PE,214000,PE,20260330,NSE,309,5
1136170,ADANIENT,ADANIENT26MAR2160CE,216000,CE,20260330,NSE,309,5
1136171,ADANIENT,ADANIENT26MAR2160PE,216000,PE,20260330,NSE,309,5
1202966,ADANIENT,ADANIENT26MAR2180CE,218000,CE,20260330,NSE,309,5
1202967,ADANIENT,ADANIENT26MAR2180PE,218000,PE,20260330,NSE,309,5
1136172,ADANIENT,ADANIENT26MAR2200CE,220000,CE,20260330,NSE,309,5
1136173,ADANIENT,ADANIENT26MAR2200PE,220000,PE,20260330,NSE,309,5
1202968,ADANIENT,ADANIENT26MAR2220CE,222000,CE,20260330,NSE,309,5
1202969,ADANIENT,ADANIENT26MAR2220PE,222000,PE,20260330,NSE,309,5
1136174,ADANIENT,ADANIENT26MAR2240CE,224000,CE,20260330,NSE,309,5
1136175,ADANIENT,ADANIENT26MAR2240PE,224000,PE,20260330,NSE,309,5
1202970,ADANIENT,ADANIENT26MAR2260CE,226000,CE,20260330,NSE,309,5
1202971,ADANIENT,ADANIENT26MAR2260PE,226000,PE,20260330,NSE,309,5
1136176,ADANIENT,ADANIENT26MAR2280CE,228000,CE,20260330,NSE,309,5
1136177,ADANIENT,ADANIENT26MAR2280PE,228000,PE,20260330,NSE,309,5
1202972,ADANIENT,ADANIENT26MAR2300CE,230000,CE,20260330,NSE,309,5
1202973,ADANIENT,ADANIENT26MAR2300PE,230000,PE,20260330,NSE,309,5
1136178,ADANIENT,ADANIENT26MAR2320CE,232000,CE,20260330,NSE,309,5
1136179,ADANIENT,ADANIENT26MAR2320PE,232000,PE,20260330,NSE,309,5
1202974,ADANIENT,ADANIENT26MAR2340CE,234000,CE,20260330,NSE,309,5
1202975,ADANIENT,ADANIENT26MAR2340PE,234000,PE,20260330,NSE,309,5
1136180,ADANIENT,ADANIENT26MAR2360CE,236000,CE,20260330,NSE,309,5
1136181,ADANIENT,ADANIENT26MAR2360PE,236000,PE,20260330,NSE,309,5
1202976,ADANIENT,ADANIENT26MAR2380CE,238000,CE,20260330,NSE,309,5
1202977,ADANIENT,ADANIENT26MAR2380PE,238000,PE,20260330,NSE,309,5
1136182,ADANIENT,ADANIENT26MAR2400CE,240000,CE,20260330,NSE,309,5
1136183,ADANIENT,ADANIENT26MAR2400PE,240000,PE,20260330,NSE,309,5
1202978,ADANIENT,ADANIENT26MAR2420CE,242000,CE,20260330,NSE,309,5
1202979,ADANIENT,ADANIENT26MAR2420PE,242000,PE,20260330,NSE,309,5
1136184,ADANIENT,ADANIENT26MAR2440CE,244000,CE,20260330,NSE,309,5
1136185,ADANIENT,ADANIENT26MAR2440PE,244000,PE,20260330,NSE,309,5
1202980,ADANIENT,ADANIENT26MAR2460CE,246000,CE,20260330,NSE,309,5
1202981,ADANIENT,ADANIENT26MAR2460PE,246000,PE,20260330,NSE,309,5
1136186,ADANIENT,ADANIENT26MAR2480CE,248000,CE,20260330,NSE,309,5
1136187,ADANIENT,ADANIENT26MAR2480PE,248000,PE,20260330,NSE,309,5
1202982,ADANIENT,ADANIENT26MAR2500CE,250000,CE,20260330,NSE,309,5
1202983,ADANIENT,ADANIENT26MAR2500PE,250000,PE,20260330,NSE,309,5
1136188,ADANIENT,ADANIENT26MAR2520CE,252000,CE,20260330,NSE,309,5
1136189,ADANIENT,ADANIENT26MAR2520PE,252000,PE,20260330,NSE,309,5
1202984,ADANIENT,ADANIENT26MAR2540CE,254000,CE,20260330,NSE,309,5
1202985,ADANIENT,ADANIENT26MAR2540PE,254000,PE,20260330,NSE,309,5
1136190,ADANIENT,ADANIENT26MAR2560CE,256000,CE,20260330,NSE,309,5
1136191,ADANIENT,ADANIENT26MAR2560PE,256000,PE,20260330,NSE,309,5
1202986,ADANIENT,ADANIENT26MAR2580CE,258000,CE,20260330,NSE,309,5
1202987,ADANIENT,ADANIENT26MAR2580PE,258000,PE,20260330,NSE,309,5
1136192,ADANIENT,ADANIENT26MAR2600CE,260000,CE,20260330,NSE,309,5
1136193,ADANIENT,ADANIENT26MAR2600PE,260000,PE,20260330,NSE,309,5
1202988,ADANIENT,ADANIENT26MAR2620CE,262000,CE,20260330,NSE,309,5
1202989,ADANIENT,ADANIENT26MAR2620PE,262000,PE,20260330,NSE,309,5
1136194,ADANIENT,ADANIENT26MAR2640CE,264000,CE,20260330,NSE,309,5
1136195,ADANIENT,ADANIENT26MAR2640PE,264000,PE,20260330,NSE,309,5
1234519,ADANIENT,ADANIENT26MAR2660CE,266000,CE,20260330,NSE,309,5
1234520,ADANIENT,ADANIENT26MAR2660PE,266000,PE,20260330,NSE,309,5
1136196,ADANIENT,ADANIENT26MAR2680CE,268000,CE,20260330,NSE,309,5
1136197,ADANIENT,ADANIENT26MAR2680PE,268000,PE,20260330,NSE,309,5
1250137,ADANIENT,ADANIENT26MAR2700CE,270000,CE,20260330,NSE,309,5
1250138,ADANIENT,ADANIENT26MAR2700PE,270000,PE,20260330,NSE,309,5
1136198,ADANIENT,ADANIENT26MAR2720CE,272000,CE,20260330,NSE,309,5
1136199,ADANIENT,ADANIENT26MAR2720PE,272000,PE,20260330,NSE,309,5
1250139,ADANIENT,ADANIENT26MAR2740CE,274000,CE,20260330,NSE,309,5
1250140,ADANIENT,ADANIENT26MAR2740PE,274000,PE,20260330,NSE,309,5
1136200,ADANIENT,ADANIENT26MAR2760CE,276000,CE,20260330,NSE,309,5
1136201,ADANIENT,ADANIENT26MAR2760PE,276000,PE,20260330,NSE,309,5
1250141,ADANIENT,ADANIENT26MAR2780CE,278000,CE,20260330,NSE,309,5
1250142,ADANIENT,ADANIENT26MAR2780PE,278000,PE,20260330,NSE,309,5
1136202,ADANIENT,ADANIENT26MAR2800CE,280000,CE,20260330,NSE,309,5
1136203,ADANIENT,ADANIENT26MAR2800PE,280000,PE,20260330,NSE,309,5
1250143,ADANIENT,ADANIENT26MAR2820CE,282000,CE,20260330,NSE,309,5
1250144,ADANIENT,ADANIENT26MAR2820PE,282000,PE,20260330,NSE,309,5
1136204,ADANIENT,ADANIENT26MAR2840CE,284000,CE,20260330,NSE,309,5
1136205,ADANIENT,ADANIENT26MAR2840PE,284000,PE,20260330,NSE,309,5
1250145,ADANIENT,ADANIENT26MAR2860CE,286000,CE,20260330,NSE,309,5
1250146,ADANIENT,ADANIENT26MAR2860PE,286000,PE,20260330,NSE,309,5
1136206,ADANIENT,ADANIENT26MAR2880CE,288000,CE,20260330,NSE,309,5
1136207,ADANIENT,ADANIENT26MAR2880PE,288000,PE,20260330,NSE,309,5
1136208,ADANIENT,ADANIENT26MAR2920CE,292000,CE,20260330,NSE,309,5
1136209,ADANIENT,ADANIENT26MAR2920PE,292000,PE,20260330,NSE,309,5
1136210,ADANIENT,ADANIENT26MAR2960CE,296000,CE,20260330,NSE,309,5
1136211,ADANIENT,ADANIENT26MAR2960PE,296000,PE,20260330,NSE,309,5
1176780,ADANIENT,ADANIENT26MAR3000CE,300000,CE,20260330,NSE,309,5
1176781,ADANIENT,ADANIENT26MAR3000PE,300000,PE,20260330,NSE,309,5
1136212,ADANIENT,ADANIENT26MAR3040CE,304000,CE,20260330,NSE,309,5
1136213,ADANIENT,ADANIENT26MAR3040PE,304000,PE,20260330,NSE,309,5
1234521,ADANIENT,ADANIENT26MAR3080CE,308000,CE,20260330,NSE,309,5
1234522,ADANIENT,ADANIENT26MAR3080PE,308000,PE,20260330,NSE,309,5
1136214,ADANIENT,ADANIENT26MAR3120CE,312000,CE,20260330,NSE,309,5
1136215,ADANIENT,ADANIENT26MAR3120PE,312000,PE,20260330,NSE,309,5
1250147,ADANIENT,ADANIENT26MAR3160CE,316000,CE,20260330,NSE,309,5
1250148,ADANIENT,ADANIENT26MAR3160PE,316000,PE,20260330,NSE,309,5
1136216,ADANIENT,ADANIENT26MAR3200CE,320000,CE,20260330,NSE,309,5
1136217,ADANIENT,ADANIENT26MAR3200PE,320000,PE,20260330,NSE,309,5
1250149,ADANIENT,ADANIENT26MAR3240CE,324000,CE,20260330,NSE,309,5
1250150,ADANIENT,ADANIENT26MAR3240PE,324000,PE,20260330,NSE,309,5
1250151,ADANIENT,ADANIENT26MAR3280CE,328000,CE,20260330,NSE,309,5
1250152,ADANIENT,ADANIENT26MAR3280PE,328000,PE,20260330,NSE,309,5
1202990,ADANIENT,ADANIENT26APR960CE,96000,CE,20260428,NSE,309,5
1202991,ADANIENT,ADANIENT26APR960PE,96000,PE,20260428,NSE,309,5
1202992,ADANIENT,ADANIENT26APR1040CE,104000,CE,20260428,NSE,309,5
1202993,ADANIENT,ADANIENT26APR1040PE,104000,PE,20260428,NSE,309,5
1202994,ADANIENT,ADANIENT26APR1120CE,112000,CE,20260428,NSE,309,5
1202995,ADANIENT,ADANIENT26APR1120PE,112000,PE,20260428,NSE,309,5
1202996,ADANIENT,ADANIENT26APR1200CE,120000,CE,20260428,NSE,309,5
1202997,ADANIENT,ADANIENT26APR1200PE,120000,PE,20260428,NSE,309,5
1202998,ADANIENT,ADANIENT26APR1240CE,124000,CE,20260428,NSE,309,5
1202999,ADANIENT,ADANIENT26APR1240PE,124000,PE,20260428,NSE,309,5
1203000,ADANIENT,ADANIENT26APR1280CE,128000,CE,20260428,NSE,309,5
1203001,ADANIENT,ADANIENT26APR1280PE,128000,PE,20260428,NSE,309,5
1203002,ADANIENT,ADANIENT26APR1320CE,132000,CE,20260428,NSE,309,5
1203003,ADANIENT,ADANIENT26APR1320PE,132000,PE,20260428,NSE,309,5
1203004,ADANIENT,ADANIENT26APR1360CE,136000,CE,20260428,NSE,309,5
1203005,ADANIENT,ADANIENT26APR1360PE,136000,PE,20260428,NSE,309,5
1203006,ADANIENT,ADANIENT26APR1400CE,140000,CE,20260428,NSE,309,5
1203007,ADANIENT,ADANIENT26APR1400PE,140000,PE,20260428,NSE,309,5
1203008,ADANIENT,ADANIENT26APR1440CE,144000,CE,20260428,NSE,309,5
1203009,ADANIENT,ADANIENT26APR1440PE,144000,PE,20260428,NSE,309,5
1203010,ADANIENT,ADANIENT26APR1480CE,148000,CE,20260428,NSE,309,5
1203011,ADANIENT,ADANIENT26APR1480PE,148000,PE,20260428,NSE,309,5
1203012,ADANIENT,ADANIENT26APR1520CE,152000,CE,20260428,NSE,309,5
1203013,ADANIENT,ADANIENT26APR1520PE,152000,PE,20260428,NSE,309,5
1203014,ADANIENT,ADANIENT26APR1560CE,156000,CE,20260428,NSE,309,5
1203015,ADANIENT,ADANIENT26APR1560PE,156000,PE,20260428,NSE,309,5
1203016,ADANIENT,ADANIENT26APR1600CE,160000,CE,20260428,NSE,309,5
1203017,ADANIENT,ADANIENT26APR1600PE,160000,PE,20260428,NSE,309,5
1203018,ADANIENT,ADANIENT26APR1640CE,164000,CE,20260428,NSE,309,5
1203019,ADANIENT,ADANIENT26APR1640PE,164000,PE,20260428,NSE,309,5
1203020,ADANIENT,ADANIENT26APR1680CE,168000,CE,20260428,NSE,309,5
1203021,ADANIENT,ADANIENT26APR1680PE,168000,PE,20260428,NSE,309,5
1203022,ADANIENT,ADANIENT26APR1720CE,172000,CE,20260428,NSE,309,5
1203023,ADANIENT,ADANIENT26APR1720PE,172000,PE,20260428,NSE,309,5
1203024,ADANIENT,ADANIENT26APR1760CE,176000,CE,20260428,NSE,309,5
1203025,ADANIENT,ADANIENT26APR1760PE,176000,PE,20260428,NSE,309,5
1203026,ADANIENT,ADANIENT26APR1800CE,180000,CE,20260428,NSE,309,5
1203027,ADANIENT,ADANIENT26APR1800PE,180000,PE,20260428,NSE,309,5
1203028,ADANIENT,ADANIENT26APR1840CE,184000,CE,20260428,NSE,309,5
1203029,ADANIENT,ADANIENT26APR1840PE,184000,PE,20260428,NSE,309,5
1203030,ADANIENT,ADANIENT26APR1880CE,188000,CE,20260428,NSE,309,5
1203031,ADANIENT,ADANIENT26APR1880PE,188000,PE,20260428,NSE,309,5
1203032,ADANIENT,ADANIENT26APR1920CE,192000,CE,20260428,NSE,309,5
1203033,ADANIENT,ADANIENT26APR1920PE,192000,PE,20260428,NSE,309,5
1203034,ADANIENT,ADANIENT26APR1960CE,196000,CE,20260428,NSE,309,5
1203035,ADANIENT,ADANIENT26APR1960PE,196000,PE,20260428,NSE,309,5
1203036,ADANIENT,ADANIENT26APR2000CE,200000,CE,20260428,NSE,309,5
1203037,ADANIENT,ADANIENT26APR2000PE,200000,PE,20260428,NSE,309,5
1203038,ADANIENT,ADANIENT26APR2040CE,204000,CE,20260428,NSE,309,5
1203039,ADANIENT,ADANIENT26APR2040PE,204000,PE,20260428,NSE,309,5
1203040,ADANIENT,ADANIENT26APR2080CE,208000,CE,20260428,NSE,309,5
1203041,ADANIENT,ADANIENT26APR2080PE,208000,PE,20260428,NSE,309,5
1203042,ADANIENT,ADANIENT26APR2120CE,212000,CE,20260428,NSE,309,5
1203043,ADANIENT,ADANIENT26APR2120PE,212000,PE,20260428,NSE,309,5
1203044,ADANIENT,ADANIENT26APR2160CE,216000,CE,20260428,NSE,309,5
1203045,ADANIENT,ADANIENT26APR2160PE,216000,PE,20260428,NSE,309,5
1203046,ADANIENT,ADANIENT26APR2200CE,220000,CE,20260428,NSE,309,5
1203047,ADANIENT,ADANIENT26APR2200PE,220000,PE,20260428,NSE,309,5
1203048,ADANIENT,ADANIENT26APR2240CE,224000,CE,20260428,NSE,309,5
1203049,ADANIENT,ADANIENT26APR2240PE,224000,PE,20260428,NSE,309,5
1203050,ADANIENT,ADANIENT26APR2280CE,228000,CE,20260428,NSE,309,5
1203051,ADANIENT,ADANIENT26APR2280PE,228000,PE,20260428,NSE,309,5
1203052,ADANIENT,ADANIENT26APR2320CE,232000,CE,20260428,NSE,309,5
1203053,ADANIENT,ADANIENT26APR2320PE,232000,PE,20260428,NSE,309,5
1203054,ADANIENT,ADANIENT26APR2360CE,236000,CE,20260428,NSE,309,5
1203055,ADANIENT,ADANIENT26APR2360PE,236000,PE,20260428,NSE,309,5
1203056,ADANIENT,ADANIENT26APR2400CE,240000,CE,20260428,NSE,309,5
1203057,ADANIENT,ADANIENT26APR2400PE,240000,PE,20260428,NSE,309,5
1203058,ADANIENT,ADANIENT26APR2440CE,244000,CE,20260428,NSE,309,5
1203059,ADANIENT,ADANIENT26APR2440PE,244000,PE,20260428,NSE,309,5
1203060,ADANIENT,ADANIENT26APR2480CE,248000,CE,20260428,NSE,309,5
1203061,ADANIENT,ADANIENT26APR2480PE,248000,PE,20260428,NSE,309,5
1203062,ADANIENT,ADANIENT26APR2520CE,252000,CE,20260428,NSE,309,5
1203063,ADANIENT,ADANIENT26APR2520PE,252000,PE,20260428,NSE,309,5
1203064,ADANIENT,ADANIENT26APR2560CE,256000,CE,20260428,NSE,309,5
1203065,ADANIENT,ADANIENT26APR2560PE,256000,PE,20260428,NSE,309,5
1203066,ADANIENT,ADANIENT26APR2600CE,260000,CE,20260428,NSE,309,5
1203067,ADANIENT,ADANIENT26APR2600PE,260000,PE,20260428,NSE,309,5
1203068,ADANIENT,ADANIENT26APR2640CE,264000,CE,20260428,NSE,309,5
1203069,ADANIENT,ADANIENT26APR2640PE,264000,PE,20260428,NSE,309,5
1203070,ADANIENT,ADANIENT26APR2680CE,268000,CE,20260428,NSE,309,5
1203071,ADANIENT,ADANIENT26APR2680PE,268000,PE,20260428,NSE,309,5
1203072,ADANIENT,ADANIENT26APR2720CE,272000,CE,20260428,NSE,309,5
1203073,ADANIENT,ADANIENT26APR2720PE,272000,PE,20260428,NSE,309,5
1245479,ADANIENT,ADANIENT26APR2760CE,276000,CE,20260428,NSE,309,5
1245480,ADANIENT,ADANIENT26APR2760PE,276000,PE,20260428,NSE,309,5
1203074,ADANIENT,ADANIENT26APR2800CE,280000,CE,20260428,NSE,309,5
1203075,ADANIENT,ADANIENT26APR2800PE,280000,PE,20260428,NSE,309,5
1250153,ADANIENT,ADANIENT26APR2840CE,284000,CE,20260428,NSE,309,5
1250154,ADANIENT,ADANIENT26APR2840PE,284000,PE,20260428,NSE,309,5
1203076,ADANIENT,ADANIENT26APR2880CE,288000,CE,20260428,NSE,309,5
1203077,ADANIENT,ADANIENT26APR2880PE,288000,PE,20260428,NSE,309,5
1250155,ADANIENT,ADANIENT26APR2920CE,292000,CE,20260428,NSE,309,5
1250156,ADANIENT,ADANIENT26APR2920PE,292000,PE,20260428,NSE,309,5
1234523,ADANIENT,ADANIENT26APR2960CE,296000,CE,20260428,NSE,309,5
1234524,ADANIENT,ADANIENT26APR2960PE,296000,PE,20260428,NSE,309,5
1250157,ADANIENT,ADANIENT26APR3040CE,304000,CE,20260428,NSE,309,5
1250158,ADANIENT,ADANIENT26APR3040PE,304000,PE,20260428,NSE,309,5
1250159,ADANIENT,ADANIENT26APR3120CE,312000,CE,20260428,NSE,309,5
1250160,ADANIENT,ADANIENT26APR3120PE,312000,PE,20260428,NSE,309,5
1250161,ADANIENT,ADANIENT26APR3200CE,320000,CE,20260428,NSE,309,5
1250162,ADANIENT,ADANIENT26APR3200PE,320000,PE,20260428,NSE,309,5
1197486,ADANIGREEN,ADANIGREEN26FEB320CE,32000,CE,20260224,NSE,600,5
1197487,ADANIGREEN,ADANIGREEN26FEB320PE,32000,PE,20260224,NSE,600,5
1197488,ADANIGREEN,ADANIGREEN26FEB340CE,34000,CE,20260224,NSE,600,5
1197489,ADANIGREEN,ADANIGREEN26FEB340PE,34000,PE,20260224,NSE,600,5
1197490,ADANIGREEN,ADANIGREEN26FEB360CE,36000,CE,20260224,NSE,600,5
1197491,ADANIGREEN,ADANIGREEN26FEB360PE,36000,PE,20260224,NSE,600,5
1197492,ADANIGREEN,ADANIGREEN26FEB380CE,38000,CE,20260224,NSE,600,5
1197493,ADANIGREEN,ADANIGREEN26FEB380PE,38000,PE,20260224,NSE,600,5
1192901,ADANIGREEN,ADANIGREEN26FEB400CE,40000,CE,20260224,NSE,600,5
1192902,ADANIGREEN,ADANIGREEN26FEB400PE,40000,PE,20260224,NSE,600,5
1192903,ADANIGREEN,ADANIGREEN26FEB420CE,42000,CE,20260224,NSE,600,5
1192904,ADANIGREEN,ADANIGREEN26FEB420PE,42000,PE,20260224,NSE,600,5
1191427,ADANIGREEN,ADANIGREEN26FEB440CE,44000,CE,20260224,NSE,600,5
1191428,ADANIGREEN,ADANIGREEN26FEB440PE,44000,PE,20260224,NSE,600,5
1185709,ADANIGREEN,ADANIGREEN26FEB460CE,46000,CE,20260224,NSE,600,5
1185710,ADANIGREEN,ADANIGREEN26FEB460PE,46000,PE,20260224,NSE,600,5
1113792,ADANIGREEN,ADANIGREEN26FEB480CE,48000,CE,20260224,NSE,600,5
1113793,ADANIGREEN,ADANIGREEN26FEB480PE,48000,PE,20260224,NSE,600,5
1197498,ADANIGREEN,ADANIGREEN26FEB490CE,49000,CE,20260224,NSE,600,5
1197499,ADANIGREEN,ADANIGREEN26FEB490PE,49000,PE,20260224,NSE,600,5
1185249,ADANIGREEN,ADANIGREEN26FEB500CE,50000,CE,20260224,NSE,600,5
1185250,ADANIGREEN,ADANIGREEN26FEB500PE,50000,PE,20260224,NSE,600,5
1197500,ADANIGREEN,ADANIGREEN26FEB510CE,51000,CE,20260224,NSE,600,5
1197501,ADANIGREEN,ADANIGREEN26FEB510PE,51000,PE,20260224,NSE,600,5
1136299,ADANIGREEN,ADANIGREEN26FEB520CE,52000,CE,20260224,NSE,600,5
1136300,ADANIGREEN,ADANIGREEN26FEB520PE,52000,PE,20260224,NSE,600,5
1197502,ADANIGREEN,ADANIGREEN26FEB530CE,53000,CE,20260224,NSE,600,5
1197503,ADANIGREEN,ADANIGREEN26FEB530PE,53000,PE,20260224,NSE,600,5
1136301,ADANIGREEN,ADANIGREEN26FEB540CE,54000,CE,20260224,NSE,600,5
1136302,ADANIGREEN,ADANIGREEN26FEB540PE,54000,PE,20260224,NSE,600,5
1192905,ADANIGREEN,ADANIGREEN26FEB550CE,55000,CE,20260224,NSE,600,5
1192906,ADANIGREEN,ADANIGREEN26FEB550PE,55000,PE,20260224,NSE,600,5
1069784,ADANIGREEN,ADANIGREEN26FEB560CE,56000,CE,20260224,NSE,600,5
1069785,ADANIGREEN,ADANIGREEN26FEB560PE,56000,PE,20260224,NSE,600,5
1192907,ADANIGREEN,ADANIGREEN26FEB570CE,57000,CE,20260224,NSE,600,5
1192908,ADANIGREEN,ADANIGREEN26FEB570PE,57000,PE,20260224,NSE,600,5
1136303,ADANIGREEN,ADANIGREEN26FEB580CE,58000,CE,20260224,NSE,600,5
1136304,ADANIGREEN,ADANIGREEN26FEB580PE,58000,PE,20260224,NSE,600,5
1191429,ADANIGREEN,ADANIGREEN26FEB590CE,59000,CE,20260224,NSE,600,5
1191430,ADANIGREEN,ADANIGREEN26FEB590PE,59000,PE,20260224,NSE,600,5
1136305,ADANIGREEN,ADANIGREEN26FEB600CE,60000,CE,20260224,NSE,600,5
1136306,ADANIGREEN,ADANIGREEN26FEB600PE,60000,PE,20260224,NSE,600,5
1186471,ADANIGREEN,ADANIGREEN26FEB610CE,61000,CE,20260224,NSE,600,5
1186472,ADANIGREEN,ADANIGREEN26FEB610PE,61000,PE,20260224,NSE,600,5
1136307,ADANIGREEN,ADANIGREEN26FEB620CE,62000,CE,20260224,NSE,600,5
1136308,ADANIGREEN,ADANIGREEN26FEB620PE,62000,PE,20260224,NSE,600,5
1185711,ADANIGREEN,ADANIGREEN26FEB630CE,63000,CE,20260224,NSE,600,5
1185712,ADANIGREEN,ADANIGREEN26FEB630PE,63000,PE,20260224,NSE,600,5
1069786,ADANIGREEN,ADANIGREEN26FEB640CE,64000,CE,20260224,NSE,600,5
1069787,ADANIGREEN,ADANIGREEN26FEB640PE,64000,PE,20260224,NSE,600,5
1185713,ADANIGREEN,ADANIGREEN26FEB650CE,65000,CE,20260224,NSE,600,5
1185714,ADANIGREEN,ADANIGREEN26FEB650PE,65000,PE,20260224,NSE,600,5
1136309,ADANIGREEN,ADANIGREEN26FEB660CE,66000,CE,20260224,NSE,600,5
1136310,ADANIGREEN,ADANIGREEN26FEB660PE,66000,PE,20260224,NSE,600,5
1185251,ADANIGREEN,ADANIGREEN26FEB670CE,67000,CE,20260224,NSE,600,5
1185252,ADANIGREEN,ADANIGREEN26FEB670PE,67000,PE,20260224,NSE,600,5
1069788,ADANIGREEN,ADANIGREEN26FEB680CE,68000,CE,20260224,NSE,600,5
1069789,ADANIGREEN,ADANIGREEN26FEB680PE,68000,PE,20260224,NSE,600,5
1136311,ADANIGREEN,ADANIGREEN26FEB690CE,69000,CE,20260224,NSE,600,5
1136312,ADANIGREEN,ADANIGREEN26FEB690PE,69000,PE,20260224,NSE,600,5
1136313,ADANIGREEN,ADANIGREEN26FEB700CE,70000,CE,20260224,NSE,600,5
1136314,ADANIGREEN,ADANIGREEN26FEB700PE,70000,PE,20260224,NSE,600,5
1136315,ADANIGREEN,ADANIGREEN26FEB710CE,71000,CE,20260224,NSE,600,5
1136316,ADANIGREEN,ADANIGREEN26FEB710PE,71000,PE,20260224,NSE,600,5
1069790,ADANIGREEN,ADANIGREEN26FEB720CE,72000,CE,20260224,NSE,600,5
1069791,ADANIGREEN,ADANIGREEN26FEB720PE,72000,PE,20260224,NSE,600,5
1136317,ADANIGREEN,ADANIGREEN26FEB730CE,73000,CE,20260224,NSE,600,5
1136318,ADANIGREEN,ADANIGREEN26FEB730PE,73000,PE,20260224,NSE,600,5
1136319,ADANIGREEN,ADANIGREEN26FEB740CE,74000,CE,20260224,NSE,600,5
1136320,ADANIGREEN,ADANIGREEN26FEB740PE,74000,PE,20260224,NSE,600,5
1136321,ADANIGREEN,ADANIGREEN26FEB750CE,75000,CE,20260224,NSE,600,5
1136322,ADANIGREEN,ADANIGREEN26FEB750PE,75000,PE,20260224,NSE,600,5
1069792,ADANIGREEN,ADANIGREEN26FEB760CE,76000,CE,20260224,NSE,600,5
1069793,ADANIGREEN,ADANIGREEN26FEB760PE,76000,PE,20260224,NSE,600,5
1136323,ADANIGREEN,ADANIGREEN26FEB770CE,77000,CE,20260224,NSE,600,5
1136324,ADANIGREEN,ADANIGREEN26FEB770PE,77000,PE,20260224,NSE,600,5
1136325,ADANIGREEN,ADANIGREEN26FEB780CE,78000,CE,20260224,NSE,600,5
1136326,ADANIGREEN,ADANIGREEN26FEB780PE,78000,PE,20260224,NSE,600,5
1136327,ADANIGREEN,ADANIGREEN26FEB790CE,79000,CE,20260224,NSE,600,5
1136328,ADANIGREEN,ADANIGREEN26FEB790PE,79000,PE,20260224,NSE,600,5
1069794,ADANIGREEN,ADANIGREEN26FEB800CE,80000,CE,20260224,NSE,600,5
1069795,ADANIGREEN,ADANIGREEN26FEB800PE,80000,PE,20260224,NSE,600,5
1136329,ADANIGREEN,ADANIGREEN26FEB810CE,81000,CE,20260224,NSE,600,5
1136330,ADANIGREEN,ADANIGREEN26FEB810PE,81000,PE,20260224,NSE,600,5
1136331,ADANIGREEN,ADANIGREEN26FEB820CE,82000,CE,20260224,NSE,600,5
1136332,ADANIGREEN,ADANIGREEN26FEB820PE,82000,PE,20260224,NSE,600,5
1136333,ADANIGREEN,ADANIGREEN26FEB830CE,83000,CE,20260224,NSE,600,5
1136334,ADANIGREEN,ADANIGREEN26FEB830PE,83000,PE,20260224,NSE,600,5
1069796,ADANIGREEN,ADANIGREEN26FEB840CE,84000,CE,20260224,NSE,600,5
1069797,ADANIGREEN,ADANIGREEN26FEB840PE,84000,PE,20260224,NSE,600,5
1136335,ADANIGREEN,ADANIGREEN26FEB850CE,85000,CE,20260224,NSE,600,5
1136336,ADANIGREEN,ADANIGREEN26FEB850PE,85000,PE,20260224,NSE,600,5
1136337,ADANIGREEN,ADANIGREEN26FEB860CE,86000,CE,20260224,NSE,600,5
1136338,ADANIGREEN,ADANIGREEN26FEB860PE,86000,PE,20260224,NSE,600,5
1136339,ADANIGREEN,ADANIGREEN26FEB870CE,87000,CE,20260224,NSE,600,5
1136340,ADANIGREEN,ADANIGREEN26FEB870PE,87000,PE,20260224,NSE,600,5
1069798,ADANIGREEN,ADANIGREEN26FEB880CE,88000,CE,20260224,NSE,600,5
1069799,ADANIGREEN,ADANIGREEN26FEB880PE,88000,PE,20260224,NSE,600,5
1136341,ADANIGREEN,ADANIGREEN26FEB890CE,89000,CE,20260224,NSE,600,5
1136342,ADANIGREEN,ADANIGREEN26FEB890PE,89000,PE,20260224,NSE,600,5
1136343,ADANIGREEN,ADANIGREEN26FEB900CE,90000,CE,20260224,NSE,600,5
1136344,ADANIGREEN,ADANIGREEN26FEB900PE,90000,PE,20260224,NSE,600,5
1136345,ADANIGREEN,ADANIGREEN26FEB910CE,91000,CE,20260224,NSE,600,5
1136346,ADANIGREEN,ADANIGREEN26FEB910PE,91000,PE,20260224,NSE,600,5
1069800,ADANIGREEN,ADANIGREEN26FEB920CE,92000,CE,20260224,NSE,600,5
1069801,ADANIGREEN,ADANIGREEN26FEB920PE,92000,PE,20260224,NSE,600,5
1136347,ADANIGREEN,ADANIGREEN26FEB930CE,93000,CE,20260224,NSE,600,5
1136348,ADANIGREEN,ADANIGREEN26FEB930PE,93000,PE,20260224,NSE,600,5
1136349,ADANIGREEN,ADANIGREEN26FEB940CE,94000,CE,20260224,NSE,600,5
1136350,ADANIGREEN,ADANIGREEN26FEB940PE,94000,PE,20260224,NSE,600,5
1136351,ADANIGREEN,ADANIGREEN26FEB950CE,95000,CE,20260224,NSE,600,5
1136352,ADANIGREEN,ADANIGREEN26FEB950PE,95000,PE,20260224,NSE,600,5
1069802,ADANIGREEN,ADANIGREEN26FEB960CE,96000,CE,20260224,NSE,600,5
1069803,ADANIGREEN,ADANIGREEN26FEB960PE,96000,PE,20260224,NSE,600,5
1136353,ADANIGREEN,ADANIGREEN26FEB970CE,97000,CE,20260224,NSE,600,5
1136354,ADANIGREEN,ADANIGREEN26FEB970PE,97000,PE,20260224,NSE,600,5
1136355,ADANIGREEN,ADANIGREEN26FEB980CE,98000,CE,20260224,NSE,600,5
1136356,ADANIGREEN,ADANIGREEN26FEB980PE,98000,PE,20260224,NSE,600,5
1136357,ADANIGREEN,ADANIGREEN26FEB990CE,99000,CE,20260224,NSE,600,5
1136358,ADANIGREEN,ADANIGREEN26FEB990PE,99000,PE,20260224,NSE,600,5
1069804,ADANIGREEN,ADANIGREEN26FEB1000CE,100000,CE,20260224,NSE,600,5
1069805,ADANIGREEN,ADANIGREEN26FEB1000PE,100000,PE,20260224,NSE,600,5
1136359,ADANIGREEN,ADANIGREEN26FEB1010CE,101000,CE,20260224,NSE,600,5
1136360,ADANIGREEN,ADANIGREEN26FEB1010PE,101000,PE,20260224,NSE,600,5
1136361,ADANIGREEN,ADANIGREEN26FEB1020CE,102000,CE,20260224,NSE,600,5
1136362,ADANIGREEN,ADANIGREEN26FEB1020PE,102000,PE,20260224,NSE,600,5
1136363,ADANIGREEN,ADANIGREEN26FEB1030CE,103000,CE,20260224,NSE,600,5
1136364,ADANIGREEN,ADANIGREEN26FEB1030PE,103000,PE,20260224,NSE,600,5
1069806,ADANIGREEN,ADANIGREEN26FEB1040CE,104000,CE,20260224,NSE,600,5
1069807,ADANIGREEN,ADANIGREEN26FEB1040PE,104000,PE,20260224,NSE,600,5
1136365,ADANIGREEN,ADANIGREEN26FEB1050CE,105000,CE,20260224,NSE,600,5
1136366,ADANIGREEN,ADANIGREEN26FEB1050PE,105000,PE,20260224,NSE,600,5
1136367,ADANIGREEN,ADANIGREEN26FEB1060CE,106000,CE,20260224,NSE,600,5
1136368,ADANIGREEN,ADANIGREEN26FEB1060PE,106000,PE,20260224,NSE,600,5
1136369,ADANIGREEN,ADANIGREEN26FEB1070CE,107000,CE,20260224,NSE,600,5
1136370,ADANIGREEN,ADANIGREEN26FEB1070PE,107000,PE,20260224,NSE,600,5
1069808,ADANIGREEN,ADANIGREEN26FEB1080CE,108000,CE,20260224,NSE,600,5
1069809,ADANIGREEN,ADANIGREEN26FEB1080PE,108000,PE,20260224,NSE,600,5
1136371,ADANIGREEN,ADANIGREEN26FEB1090CE,109000,CE,20260224,NSE,600,5
1136372,ADANIGREEN,ADANIGREEN26FEB1090PE,109000,PE,20260224,NSE,600,5
1136373,ADANIGREEN,ADANIGREEN26FEB1100CE,110000,CE,20260224,NSE,600,5
1136374,ADANIGREEN,ADANIGREEN26FEB1100PE,110000,PE,20260224,NSE,600,5
1136375,ADANIGREEN,ADANIGREEN26FEB1110CE,111000,CE,20260224,NSE,600,5
1136376,ADANIGREEN,ADANIGREEN26FEB1110PE,111000,PE,20260224,NSE,600,5
1069810,ADANIGREEN,ADANIGREEN26FEB1120CE,112000,CE,20260224,NSE,600,5
1069811,ADANIGREEN,ADANIGREEN26FEB1120PE,112000,PE,20260224,NSE,600,5
1136377,ADANIGREEN,ADANIGREEN26FEB1130CE,113000,CE,20260224,NSE,600,5
1136378,ADANIGREEN,ADANIGREEN26FEB1130PE,113000,PE,20260224,NSE,600,5
1136379,ADANIGREEN,ADANIGREEN26FEB1140CE,114000,CE,20260224,NSE,600,5
1136380,ADANIGREEN,ADANIGREEN26FEB1140PE,114000,PE,20260224,NSE,600,5
1136381,ADANIGREEN,ADANIGREEN26FEB1150CE,115000,CE,20260224,NSE,600,5
1136382,ADANIGREEN,ADANIGREEN26FEB1150PE,115000,PE,20260224,NSE,600,5
1069812,ADANIGREEN,ADANIGREEN26FEB1160CE,116000,CE,20260224,NSE,600,5
1069813,ADANIGREEN,ADANIGREEN26FEB1160PE,116000,PE,20260224,NSE,600,5
1136383,ADANIGREEN,ADANIGREEN26FEB1170CE,117000,CE,20260224,NSE,600,5
1136384,ADANIGREEN,ADANIGREEN26FEB1170PE,117000,PE,20260224,NSE,600,5
1136385,ADANIGREEN,ADANIGREEN26FEB1180CE,118000,CE,20260224,NSE,600,5
1136386,ADANIGREEN,ADANIGREEN26FEB1180PE,118000,PE,20260224,NSE,600,5
1136387,ADANIGREEN,ADANIGREEN26FEB1190CE,119000,CE,20260224,NSE,600,5
1136388,ADANIGREEN,ADANIGREEN26FEB1190PE,119000,PE,20260224,NSE,600,5
1069814,ADANIGREEN,ADANIGREEN26FEB1200CE,120000,CE,20260224,NSE,600,5
1069815,ADANIGREEN,ADANIGREEN26FEB1200PE,120000,PE,20260224,NSE,600,5
1136389,ADANIGREEN,ADANIGREEN26FEB1210CE,121000,CE,20260224,NSE,600,5
1136390,ADANIGREEN,ADANIGREEN26FEB1210PE,121000,PE,20260224,NSE,600,5
1136391,ADANIGREEN,ADANIGREEN26FEB1220CE,122000,CE,20260224,NSE,600,5
1136392,ADANIGREEN,ADANIGREEN26FEB1220PE,122000,PE,20260224,NSE,600,5
1136393,ADANIGREEN,ADANIGREEN26FEB1230CE,123000,CE,20260224,NSE,600,5
1136394,ADANIGREEN,ADANIGREEN26FEB1230PE,123000,PE,20260224,NSE,600,5
1069816,ADANIGREEN,ADANIGREEN26FEB1240CE,124000,CE,20260224,NSE,600,5
1069817,ADANIGREEN,ADANIGREEN26FEB1240PE,124000,PE,20260224,NSE,600,5
1136395,ADANIGREEN,ADANIGREEN26FEB1250CE,125000,CE,20260224,NSE,600,5
1136396,ADANIGREEN,ADANIGREEN26FEB1250PE,125000,PE,20260224,NSE,600,5
1136397,ADANIGREEN,ADANIGREEN26FEB1260CE,126000,CE,20260224,NSE,600,5
1136398,ADANIGREEN,ADANIGREEN26FEB1260PE,126000,PE,20260224,NSE,600,5
1069818,ADANIGREEN,ADANIGREEN26FEB1280CE,128000,CE,20260224,NSE,600,5
1069819,ADANIGREEN,ADANIGREEN26FEB1280PE,128000,PE,20260224,NSE,600,5
1136403,ADANIGREEN,ADANIGREEN26FEB1300CE,130000,CE,20260224,NSE,600,5
1136404,ADANIGREEN,ADANIGREEN26FEB1300PE,130000,PE,20260224,NSE,600,5
1069820,ADANIGREEN,ADANIGREEN26FEB1320CE,132000,CE,20260224,NSE,600,5
1069821,ADANIGREEN,ADANIGREEN26FEB1320PE,132000,PE,20260224,NSE,600,5
1136409,ADANIGREEN,ADANIGREEN26FEB1340CE,134000,CE,20260224,NSE,600,5
1136410,ADANIGREEN,ADANIGREEN26FEB1340PE,134000,PE,20260224,NSE,600,5
1069822,ADANIGREEN,ADANIGREEN26FEB1360CE,136000,CE,20260224,NSE,600,5
1069823,ADANIGREEN,ADANIGREEN26FEB1360PE,136000,PE,20260224,NSE,600,5
1136411,ADANIGREEN,ADANIGREEN26FEB1380CE,138000,CE,20260224,NSE,600,5
1136412,ADANIGREEN,ADANIGREEN26FEB1380PE,138000,PE,20260224,NSE,600,5
1096706,ADANIGREEN,ADANIGREEN26FEB1400CE,140000,CE,20260224,NSE,600,5
1096707,ADANIGREEN,ADANIGREEN26FEB1400PE,140000,PE,20260224,NSE,600,5
1136413,ADANIGREEN,ADANIGREEN26FEB1420CE,142000,CE,20260224,NSE,600,5
1136414,ADANIGREEN,ADANIGREEN26FEB1420PE,142000,PE,20260224,NSE,600,5
1197506,ADANIGREEN,ADANIGREEN26MAR320CE,32000,CE,20260330,NSE,600,5
1197507,ADANIGREEN,ADANIGREEN26MAR320PE,32000,PE,20260330,NSE,600,5
1203079,ADANIGREEN,ADANIGREEN26MAR340CE,34000,CE,20260330,NSE,600,5
1203080,ADANIGREEN,ADANIGREEN26MAR340PE,34000,PE,20260330,NSE,600,5
1197508,ADANIGREEN,ADANIGREEN26MAR360CE,36000,CE,20260330,NSE,600,5
1197509,ADANIGREEN,ADANIGREEN26MAR360PE,36000,PE,20260330,NSE,600,5
1203081,ADANIGREEN,ADANIGREEN26MAR380CE,38000,CE,20260330,NSE,600,5
1203082,ADANIGREEN,ADANIGREEN26MAR380PE,38000,PE,20260330,NSE,600,5
1192909,ADANIGREEN,ADANIGREEN26MAR400CE,40000,CE,20260330,NSE,600,5
1192910,ADANIGREEN,ADANIGREEN26MAR400PE,40000,PE,20260330,NSE,600,5
1203083,ADANIGREEN,ADANIGREEN26MAR420CE,42000,CE,20260330,NSE,600,5
1203084,ADANIGREEN,ADANIGREEN26MAR420PE,42000,PE,20260330,NSE,600,5
1187790,ADANIGREEN,ADANIGREEN26MAR440CE,44000,CE,20260330,NSE,600,5
1187791,ADANIGREEN,ADANIGREEN26MAR440PE,44000,PE,20260330,NSE,600,5
1203085,ADANIGREEN,ADANIGREEN26MAR460CE,46000,CE,20260330,NSE,600,5
1203086,ADANIGREEN,ADANIGREEN26MAR460PE,46000,PE,20260330,NSE,600,5
1185715,ADANIGREEN,ADANIGREEN26MAR480CE,48000,CE,20260330,NSE,600,5
1185716,ADANIGREEN,ADANIGREEN26MAR480PE,48000,PE,20260330,NSE,600,5
1203089,ADANIGREEN,ADANIGREEN26MAR490CE,49000,CE,20260330,NSE,600,5
1203090,ADANIGREEN,ADANIGREEN26MAR490PE,49000,PE,20260330,NSE,600,5
1197510,ADANIGREEN,ADANIGREEN26MAR500CE,50000,CE,20260330,NSE,600,5
1197511,ADANIGREEN,ADANIGREEN26MAR500PE,50000,PE,20260330,NSE,600,5
1203091,ADANIGREEN,ADANIGREEN26MAR510CE,51000,CE,20260330,NSE,600,5
1203092,ADANIGREEN,ADANIGREEN26MAR510PE,51000,PE,20260330,NSE,600,5
1136419,ADANIGREEN,ADANIGREEN26MAR520CE,52000,CE,20260330,NSE,600,5
1136420,ADANIGREEN,ADANIGREEN26MAR520PE,52000,PE,20260330,NSE,600,5
1203093,ADANIGREEN,ADANIGREEN26MAR530CE,53000,CE,20260330,NSE,600,5
1203094,ADANIGREEN,ADANIGREEN26MAR530PE,53000,PE,20260330,NSE,600,5
1197512,ADANIGREEN,ADANIGREEN26MAR540CE,54000,CE,20260330,NSE,600,5
1197513,ADANIGREEN,ADANIGREEN26MAR540PE,54000,PE,20260330,NSE,600,5
1203095,ADANIGREEN,ADANIGREEN26MAR550CE,55000,CE,20260330,NSE,600,5
1203096,ADANIGREEN,ADANIGREEN26MAR550PE,55000,PE,20260330,NSE,600,5
1136421,ADANIGREEN,ADANIGREEN26MAR560CE,56000,CE,20260330,NSE,600,5
1136422,ADANIGREEN,ADANIGREEN26MAR560PE,56000,PE,20260330,NSE,600,5
1203097,ADANIGREEN,ADANIGREEN26MAR570CE,57000,CE,20260330,NSE,600,5
1203098,ADANIGREEN,ADANIGREEN26MAR570PE,57000,PE,20260330,NSE,600,5
1192911,ADANIGREEN,ADANIGREEN26MAR580CE,58000,CE,20260330,NSE,600,5
1192912,ADANIGREEN,ADANIGREEN26MAR580PE,58000,PE,20260330,NSE,600,5
1203099,ADANIGREEN,ADANIGREEN26MAR590CE,59000,CE,20260330,NSE,600,5
1203100,ADANIGREEN,ADANIGREEN26MAR590PE,59000,PE,20260330,NSE,600,5
1136423,ADANIGREEN,ADANIGREEN26MAR600CE,60000,CE,20260330,NSE,600,5
1136424,ADANIGREEN,ADANIGREEN26MAR600PE,60000,PE,20260330,NSE,600,5
1203101,ADANIGREEN,ADANIGREEN26MAR610CE,61000,CE,20260330,NSE,600,5
1203102,ADANIGREEN,ADANIGREEN26MAR610PE,61000,PE,20260330,NSE,600,5
1191431,ADANIGREEN,ADANIGREEN26MAR620CE,62000,CE,20260330,NSE,600,5
1191432,ADANIGREEN,ADANIGREEN26MAR620PE,62000,PE,20260330,NSE,600,5
1203103,ADANIGREEN,ADANIGREEN26MAR630CE,63000,CE,20260330,NSE,600,5
1203104,ADANIGREEN,ADANIGREEN26MAR630PE,63000,PE,20260330,NSE,600,5
1136425,ADANIGREEN,ADANIGREEN26MAR640CE,64000,CE,20260330,NSE,600,5
1136426,ADANIGREEN,ADANIGREEN26MAR640PE,64000,PE,20260330,NSE,600,5
1203105,ADANIGREEN,ADANIGREEN26MAR650CE,65000,CE,20260330,NSE,600,5
1203106,ADANIGREEN,ADANIGREEN26MAR650PE,65000,PE,20260330,NSE,600,5
1185717,ADANIGREEN,ADANIGREEN26MAR660CE,66000,CE,20260330,NSE,600,5
1185718,ADANIGREEN,ADANIGREEN26MAR660PE,66000,PE,20260330,NSE,600,5
1203107,ADANIGREEN,ADANIGREEN26MAR670CE,67000,CE,20260330,NSE,600,5
1203108,ADANIGREEN,ADANIGREEN26MAR670PE,67000,PE,20260330,NSE,600,5
1136427,ADANIGREEN,ADANIGREEN26MAR680CE,68000,CE,20260330,NSE,600,5
1136428,ADANIGREEN,ADANIGREEN26MAR680PE,68000,PE,20260330,NSE,600,5
1203109,ADANIGREEN,ADANIGREEN26MAR690CE,69000,CE,20260330,NSE,600,5
1203110,ADANIGREEN,ADANIGREEN26MAR690PE,69000,PE,20260330,NSE,600,5
1136429,ADANIGREEN,ADANIGREEN26MAR700CE,70000,CE,20260330,NSE,600,5
1136430,ADANIGREEN,ADANIGREEN26MAR700PE,70000,PE,20260330,NSE,600,5
1203111,ADANIGREEN,ADANIGREEN26MAR710CE,71000,CE,20260330,NSE,600,5
1203112,ADANIGREEN,ADANIGREEN26MAR710PE,71000,PE,20260330,NSE,600,5
1136431,ADANIGREEN,ADANIGREEN26MAR720CE,72000,CE,20260330,NSE,600,5
1136432,ADANIGREEN,ADANIGREEN26MAR720PE,72000,PE,20260330,NSE,600,5
1203113,ADANIGREEN,ADANIGREEN26MAR730CE,73000,CE,20260330,NSE,600,5
1203114,ADANIGREEN,ADANIGREEN26MAR730PE,73000,PE,20260330,NSE,600,5
1136433,ADANIGREEN,ADANIGREEN26MAR740CE,74000,CE,20260330,NSE,600,5
1136434,ADANIGREEN,ADANIGREEN26MAR740PE,74000,PE,20260330,NSE,600,5
1203115,ADANIGREEN,ADANIGREEN26MAR750CE,75000,CE,20260330,NSE,600,5
1203116,ADANIGREEN,ADANIGREEN26MAR750PE,75000,PE,20260330,NSE,600,5
1136435,ADANIGREEN,ADANIGREEN26MAR760CE,76000,CE,20260330,NSE,600,5
1136436,ADANIGREEN,ADANIGREEN26MAR760PE,76000,PE,20260330,NSE,600,5
1203117,ADANIGREEN,ADANIGREEN26MAR770CE,77000,CE,20260330,NSE,600,5
1203118,ADANIGREEN,ADANIGREEN26MAR770PE,77000,PE,20260330,NSE,600,5
1136437,ADANIGREEN,ADANIGREEN26MAR780CE,78000,CE,20260330,NSE,600,5
1136438,ADANIGREEN,ADANIGREEN26MAR780PE,78000,PE,20260330,NSE,600,5
1203119,ADANIGREEN,ADANIGREEN26MAR790CE,79000,CE,20260330,NSE,600,5
1203120,ADANIGREEN,ADANIGREEN26MAR790PE,79000,PE,20260330,NSE,600,5
1136439,ADANIGREEN,ADANIGREEN26MAR800CE,80000,CE,20260330,NSE,600,5
1136440,ADANIGREEN,ADANIGREEN26MAR800PE,80000,PE,20260330,NSE,600,5
1203121,ADANIGREEN,ADANIGREEN26MAR810CE,81000,CE,20260330,NSE,600,5
1203122,ADANIGREEN,ADANIGREEN26MAR810PE,81000,PE,20260330,NSE,600,5
1136441,ADANIGREEN,ADANIGREEN26MAR820CE,82000,CE,20260330,NSE,600,5
1136442,ADANIGREEN,ADANIGREEN26MAR820PE,82000,PE,20260330,NSE,600,5
1203123,ADANIGREEN,ADANIGREEN26MAR830CE,83000,CE,20260330,NSE,600,5
1203124,ADANIGREEN,ADANIGREEN26MAR830PE,83000,PE,20260330,NSE,600,5
1136443,ADANIGREEN,ADANIGREEN26MAR840CE,84000,CE,20260330,NSE,600,5
1136444,ADANIGREEN,ADANIGREEN26MAR840PE,84000,PE,20260330,NSE,600,5
1203125,ADANIGREEN,ADANIGREEN26MAR850CE,85000,CE,20260330,NSE,600,5
1203126,ADANIGREEN,ADANIGREEN26MAR850PE,85000,PE,20260330,NSE,600,5
1136445,ADANIGREEN,ADANIGREEN26MAR860CE,86000,CE,20260330,NSE,600,5
1136446,ADANIGREEN,ADANIGREEN26MAR860PE,86000,PE,20260330,NSE,600,5
1203127,ADANIGREEN,ADANIGREEN26MAR870CE,87000,CE,20260330,NSE,600,5
1203128,ADANIGREEN,ADANIGREEN26MAR870PE,87000,PE,20260330,NSE,600,5
1136447,ADANIGREEN,ADANIGREEN26MAR880CE,88000,CE,20260330,NSE,600,5
1136448,ADANIGREEN,ADANIGREEN26MAR880PE,88000,PE,20260330,NSE,600,5
1203129,ADANIGREEN,ADANIGREEN26MAR890CE,89000,CE,20260330,NSE,600,5
1203130,ADANIGREEN,ADANIGREEN26MAR890PE,89000,PE,20260330,NSE,600,5
1136449,ADANIGREEN,ADANIGREEN26MAR900CE,90000,CE,20260330,NSE,600,5
1136450,ADANIGREEN,ADANIGREEN26MAR900PE,90000,PE,20260330,NSE,600,5
1203131,ADANIGREEN,ADANIGREEN26MAR910CE,91000,CE,20260330,NSE,600,5
1203132,ADANIGREEN,ADANIGREEN26MAR910PE,91000,PE,20260330,NSE,600,5
1136451,ADANIGREEN,ADANIGREEN26MAR920CE,92000,CE,20260330,NSE,600,5
1136452,ADANIGREEN,ADANIGREEN26MAR920PE,92000,PE,20260330,NSE,600,5
1203133,ADANIGREEN,ADANIGREEN26MAR930CE,93000,CE,20260330,NSE,600,5
1203134,ADANIGREEN,ADANIGREEN26MAR930PE,93000,PE,20260330,NSE,600,5
1136453,ADANIGREEN,ADANIGREEN26MAR940CE,94000,CE,20260330,NSE,600,5
1136454,ADANIGREEN,ADANIGREEN26MAR940PE,94000,PE,20260330,NSE,600,5
1203135,ADANIGREEN,ADANIGREEN26MAR950CE,95000,CE,20260330,NSE,600,5
1203136,ADANIGREEN,ADANIGREEN26MAR950PE,95000,PE,20260330,NSE,600,5
1136455,ADANIGREEN,ADANIGREEN26MAR960CE,96000,CE,20260330,NSE,600,5
1136456,ADANIGREEN,ADANIGREEN26MAR960PE,96000,PE,20260330,NSE,600,5
1203137,ADANIGREEN,ADANIGREEN26MAR970CE,97000,CE,20260330,NSE,600,5
1203138,ADANIGREEN,ADANIGREEN26MAR970PE,97000,PE,20260330,NSE,600,5
1136457,ADANIGREEN,ADANIGREEN26MAR980CE,98000,CE,20260330,NSE,600,5
1136458,ADANIGREEN,ADANIGREEN26MAR980PE,98000,PE,20260330,NSE,600,5
1203139,ADANIGREEN,ADANIGREEN26MAR990CE,99000,CE,20260330,NSE,600,5
1203140,ADANIGREEN,ADANIGREEN26MAR990PE,99000,PE,20260330,NSE,600,5
1136459,ADANIGREEN,ADANIGREEN26MAR1000CE,100000,CE,20260330,NSE,600,5
1136460,ADANIGREEN,ADANIGREEN26MAR1000PE,100000,PE,20260330,NSE,600,5
1203141,ADANIGREEN,ADANIGREEN26MAR1010CE,101000,CE,20260330,NSE,600,5
1203142,ADANIGREEN,ADANIGREEN26MAR1010PE,101000,PE,20260330,NSE,600,5
1136461,ADANIGREEN,ADANIGREEN26MAR1020CE,102000,CE,20260330,NSE,600,5
1136462,ADANIGREEN,ADANIGREEN26MAR1020PE,102000,PE,20260330,NSE,600,5
1203143,ADANIGREEN,ADANIGREEN26MAR1030CE,103000,CE,20260330,NSE,600,5
1203144,ADANIGREEN,ADANIGREEN26MAR1030PE,103000,PE,20260330,NSE,600,5
1136463,ADANIGREEN,ADANIGREEN26MAR1040CE,104000,CE,20260330,NSE,600,5
1136464,ADANIGREEN,ADANIGREEN26MAR1040PE,104000,PE,20260330,NSE,600,5
1203145,ADANIGREEN,ADANIGREEN26MAR1050CE,105000,CE,20260330,NSE,600,5
1203146,ADANIGREEN,ADANIGREEN26MAR1050PE,105000,PE,20260330,NSE,600,5
1136465,ADANIGREEN,ADANIGREEN26MAR1060CE,106000,CE,20260330,NSE,600,5
1136466,ADANIGREEN,ADANIGREEN26MAR1060PE,106000,PE,20260330,NSE,600,5
1203147,ADANIGREEN,ADANIGREEN26MAR1070CE,107000,CE,20260330,NSE,600,5
1203148,ADANIGREEN,ADANIGREEN26MAR1070PE,107000,PE,20260330,NSE,600,5
1136467,ADANIGREEN,ADANIGREEN26MAR1080CE,108000,CE,20260330,NSE,600,5
1136468,ADANIGREEN,ADANIGREEN26MAR1080PE,108000,PE,20260330,NSE,600,5
1203149,ADANIGREEN,ADANIGREEN26MAR1090CE,109000,CE,20260330,NSE,600,5
1203150,ADANIGREEN,ADANIGREEN26MAR1090PE,109000,PE,20260330,NSE,600,5
1136469,ADANIGREEN,ADANIGREEN26MAR1100CE,110000,CE,20260330,NSE,600,5
1136470,ADANIGREEN,ADANIGREEN26MAR1100PE,110000,PE,20260330,NSE,600,5
1203151,ADANIGREEN,ADANIGREEN26MAR1110CE,111000,CE,20260330,NSE,600,5
1203152,ADANIGREEN,ADANIGREEN26MAR1110PE,111000,PE,20260330,NSE,600,5
1136471,ADANIGREEN,ADANIGREEN26MAR1120CE,112000,CE,20260330,NSE,600,5
1136472,ADANIGREEN,ADANIGREEN26MAR1120PE,112000,PE,20260330,NSE,600,5
1203153,ADANIGREEN,ADANIGREEN26MAR1130CE,113000,CE,20260330,NSE,600,5
1203154,ADANIGREEN,ADANIGREEN26MAR1130PE,113000,PE,20260330,NSE,600,5
1136473,ADANIGREEN,ADANIGREEN26MAR1140CE,114000,CE,20260330,NSE,600,5
1136474,ADANIGREEN,ADANIGREEN26MAR1140PE,114000,PE,20260330,NSE,600,5
1234525,ADANIGREEN,ADANIGREEN26MAR1150CE,115000,CE,20260330,NSE,600,5
1234526,ADANIGREEN,ADANIGREEN26MAR1150PE,115000,PE,20260330,NSE,600,5
1136475,ADANIGREEN,ADANIGREEN26MAR1160CE,116000,CE,20260330,NSE,600,5
1136476,ADANIGREEN,ADANIGREEN26MAR1160PE,116000,PE,20260330,NSE,600,5
1236480,ADANIGREEN,ADANIGREEN26MAR1170CE,117000,CE,20260330,NSE,600,5
1236481,ADANIGREEN,ADANIGREEN26MAR1170PE,117000,PE,20260330,NSE,600,5
1136477,ADANIGREEN,ADANIGREEN26MAR1180CE,118000,CE,20260330,NSE,600,5
1136478,ADANIGREEN,ADANIGREEN26MAR1180PE,118000,PE,20260330,NSE,600,5
1236482,ADANIGREEN,ADANIGREEN26MAR1190CE,119000,CE,20260330,NSE,600,5
1236483,ADANIGREEN,ADANIGREEN26MAR1190PE,119000,PE,20260330,NSE,600,5
1136479,ADANIGREEN,ADANIGREEN26MAR1200CE,120000,CE,20260330,NSE,600,5
1136480,ADANIGREEN,ADANIGREEN26MAR1200PE,120000,PE,20260330,NSE,600,5
1250163,ADANIGREEN,ADANIGREEN26MAR1210CE,121000,CE,20260330,NSE,600,5
1250164,ADANIGREEN,ADANIGREEN26MAR1210PE,121000,PE,20260330,NSE,600,5
1136481,ADANIGREEN,ADANIGREEN26MAR1220CE,122000,CE,20260330,NSE,600,5
1136482,ADANIGREEN,ADANIGREEN26MAR1220PE,122000,PE,20260330,NSE,600,5
1250165,ADANIGREEN,ADANIGREEN26MAR1230CE,123000,CE,20260330,NSE,600,5
1250166,ADANIGREEN,ADANIGREEN26MAR1230PE,123000,PE,20260330,NSE,600,5
1136483,ADANIGREEN,ADANIGREEN26MAR1240CE,124000,CE,20260330,NSE,600,5
1136484,ADANIGREEN,ADANIGREEN26MAR1240PE,124000,PE,20260330,NSE,600,5
1250167,ADANIGREEN,ADANIGREEN26MAR1250CE,125000,CE,20260330,NSE,600,5
1250168,ADANIGREEN,ADANIGREEN26MAR1250PE,125000,PE,20260330,NSE,600,5
1136485,ADANIGREEN,ADANIGREEN26MAR1260CE,126000,CE,20260330,NSE,600,5
1136486,ADANIGREEN,ADANIGREEN26MAR1260PE,126000,PE,20260330,NSE,600,5
1136487,ADANIGREEN,ADANIGREEN26MAR1280CE,128000,CE,20260330,NSE,600,5
1136488,ADANIGREEN,ADANIGREEN26MAR1280PE,128000,PE,20260330,NSE,600,5
1136489,ADANIGREEN,ADANIGREEN26MAR1300CE,130000,CE,20260330,NSE,600,5
1136490,ADANIGREEN,ADANIGREEN26MAR1300PE,130000,PE,20260330,NSE,600,5
1136491,ADANIGREEN,ADANIGREEN26MAR1320CE,132000,CE,20260330,NSE,600,5
1136492,ADANIGREEN,ADANIGREEN26MAR1320PE,132000,PE,20260330,NSE,600,5
1179100,ADANIGREEN,ADANIGREEN26MAR1340CE,134000,CE,20260330,NSE,600,5
1179101,ADANIGREEN,ADANIGREEN26MAR1340PE,134000,PE,20260330,NSE,600,5
1136493,ADANIGREEN,ADANIGREEN26MAR1360CE,136000,CE,20260330,NSE,600,5
1136494,ADANIGREEN,ADANIGREEN26MAR1360PE,136000,PE,20260330,NSE,600,5
1250169,ADANIGREEN,ADANIGREEN26MAR1380CE,138000,CE,20260330,NSE,600,5
1250170,ADANIGREEN,ADANIGREEN26MAR1380PE,138000,PE,20260330,NSE,600,5
1136495,ADANIGREEN,ADANIGREEN26MAR1400CE,140000,CE,20260330,NSE,600,5
1136496,ADANIGREEN,ADANIGREEN26MAR1400PE,140000,PE,20260330,NSE,600,5
1250171,ADANIGREEN,ADANIGREEN26MAR1420CE,142000,CE,20260330,NSE,600,5
1250172,ADANIGREEN,ADANIGREEN26MAR1420PE,142000,PE,20260330,NSE,600,5
1203155,ADANIGREEN,ADANIGREEN26APR320CE,32000,CE,20260428,NSE,600,5
1203156,ADANIGREEN,ADANIGREEN26APR320PE,32000,PE,20260428,NSE,600,5
1203157,ADANIGREEN,ADANIGREEN26APR360CE,36000,CE,20260428,NSE,600,5
1203158,ADANIGREEN,ADANIGREEN26APR360PE,36000,PE,20260428,NSE,600,5
1203159,ADANIGREEN,ADANIGREEN26APR400CE,40000,CE,20260428,NSE,600,5
1203160,ADANIGREEN,ADANIGREEN26APR400PE,40000,PE,20260428,NSE,600,5
1203161,ADANIGREEN,ADANIGREEN26APR440CE,44000,CE,20260428,NSE,600,5
1203162,ADANIGREEN,ADANIGREEN26APR440PE,44000,PE,20260428,NSE,600,5
1203163,ADANIGREEN,ADANIGREEN26APR480CE,48000,CE,20260428,NSE,600,5
1203164,ADANIGREEN,ADANIGREEN26APR480PE,48000,PE,20260428,NSE,600,5
1203165,ADANIGREEN,ADANIGREEN26APR500CE,50000,CE,20260428,NSE,600,5
1203166,ADANIGREEN,ADANIGREEN26APR500PE,50000,PE,20260428,NSE,600,5
1203167,ADANIGREEN,ADANIGREEN26APR520CE,52000,CE,20260428,NSE,600,5
1203168,ADANIGREEN,ADANIGREEN26APR520PE,52000,PE,20260428,NSE,600,5
1203169,ADANIGREEN,ADANIGREEN26APR540CE,54000,CE,20260428,NSE,600,5
1203170,ADANIGREEN,ADANIGREEN26APR540PE,54000,PE,20260428,NSE,600,5
1203171,ADANIGREEN,ADANIGREEN26APR560CE,56000,CE,20260428,NSE,600,5
1203172,ADANIGREEN,ADANIGREEN26APR560PE,56000,PE,20260428,NSE,600,5
1203173,ADANIGREEN,ADANIGREEN26APR580CE,58000,CE,20260428,NSE,600,5
1203174,ADANIGREEN,ADANIGREEN26APR580PE,58000,PE,20260428,NSE,600,5
1203175,ADANIGREEN,ADANIGREEN26APR600CE,60000,CE,20260428,NSE,600,5
1203176,ADANIGREEN,ADANIGREEN26APR600PE,60000,PE,20260428,NSE,600,5
1203177,ADANIGREEN,ADANIGREEN26APR620CE,62000,CE,20260428,NSE,600,5
1203178,ADANIGREEN,ADANIGREEN26APR620PE,62000,PE,20260428,NSE,600,5
1203179,ADANIGREEN,ADANIGREEN26APR640CE,64000,CE,20260428,NSE,600,5
1203180,ADANIGREEN,ADANIGREEN26APR640PE,64000,PE,20260428,NSE,600,5
1203181,ADANIGREEN,ADANIGREEN26APR660CE,66000,CE,20260428,NSE,600,5
1203182,ADANIGREEN,ADANIGREEN26APR660PE,66000,PE,20260428,NSE,600,5
1203183,ADANIGREEN,ADANIGREEN26APR680CE,68000,CE,20260428,NSE,600,5
1203184,ADANIGREEN,ADANIGREEN26APR680PE,68000,PE,20260428,NSE,600,5
1203185,ADANIGREEN,ADANIGREEN26APR700CE,70000,CE,20260428,NSE,600,5
1203186,ADANIGREEN,ADANIGREEN26APR700PE,70000,PE,20260428,NSE,600,5
1203187,ADANIGREEN,ADANIGREEN26APR720CE,72000,CE,20260428,NSE,600,5
1203188,ADANIGREEN,ADANIGREEN26APR720PE,72000,PE,20260428,NSE,600,5
1203189,ADANIGREEN,ADANIGREEN26APR740CE,74000,CE,20260428,NSE,600,5
1203190,ADANIGREEN,ADANIGREEN26APR740PE,74000,PE,20260428,NSE,600,5
1203191,ADANIGREEN,ADANIGREEN26APR760CE,76000,CE,20260428,NSE,600,5
1203192,ADANIGREEN,ADANIGREEN26APR760PE,76000,PE,20260428,NSE,600,5
1203193,ADANIGREEN,ADANIGREEN26APR780CE,78000,CE,20260428,NSE,600,5
1203194,ADANIGREEN,ADANIGREEN26APR780PE,78000,PE,20260428,NSE,600,5
1203195,ADANIGREEN,ADANIGREEN26APR800CE,80000,CE,20260428,NSE,600,5
1203196,ADANIGREEN,ADANIGREEN26APR800PE,80000,PE,20260428,NSE,600,5
1203197,ADANIGREEN,ADANIGREEN26APR820CE,82000,CE,20260428,NSE,600,5
1203198,ADANIGREEN,ADANIGREEN26APR820PE,82000,PE,20260428,NSE,600,5
1203199,ADANIGREEN,ADANIGREEN26APR840CE,84000,CE,20260428,NSE,600,5
1203200,ADANIGREEN,ADANIGREEN26APR840PE,84000,PE,20260428,NSE,600,5
1203201,ADANIGREEN,ADANIGREEN26APR860CE,86000,CE,20260428,NSE,600,5
1203202,ADANIGREEN,ADANIGREEN26APR860PE,86000,PE,20260428,NSE,600,5
1203203,ADANIGREEN,ADANIGREEN26APR880CE,88000,CE,20260428,NSE,600,5
1203204,ADANIGREEN,ADANIGREEN26APR880PE,88000,PE,20260428,NSE,600,5
1203205,ADANIGREEN,ADANIGREEN26APR900CE,90000,CE,20260428,NSE,600,5
1203206,ADANIGREEN,ADANIGREEN26APR900PE,90000,PE,20260428,NSE,600,5
1203207,ADANIGREEN,ADANIGREEN26APR920CE,92000,CE,20260428,NSE,600,5
1203208,ADANIGREEN,ADANIGREEN26APR920PE,92000,PE,20260428,NSE,600,5
1203209,ADANIGREEN,ADANIGREEN26APR940CE,94000,CE,20260428,NSE,600,5
1203210,ADANIGREEN,ADANIGREEN26APR940PE,94000,PE,20260428,NSE,600,5
1203211,ADANIGREEN,ADANIGREEN26APR960CE,96000,CE,20260428,NSE,600,5
1203212,ADANIGREEN,ADANIGREEN26APR960PE,96000,PE,20260428,NSE,600,5
1203213,ADANIGREEN,ADANIGREEN26APR980CE,98000,CE,20260428,NSE,600,5
1203214,ADANIGREEN,ADANIGREEN26APR980PE,98000,PE,20260428,NSE,600,5
1203215,ADANIGREEN,ADANIGREEN26APR1000CE,100000,CE,20260428,NSE,600,5
1203216,ADANIGREEN,ADANIGREEN26APR1000PE,100000,PE,20260428,NSE,600,5
1203217,ADANIGREEN,ADANIGREEN26APR1020CE,102000,CE,20260428,NSE,600,5
1203218,ADANIGREEN,ADANIGREEN26APR1020PE,102000,PE,20260428,NSE,600,5
1203219,ADANIGREEN,ADANIGREEN26APR1040CE,104000,CE,20260428,NSE,600,5
1203220,ADANIGREEN,ADANIGREEN26APR1040PE,104000,PE,20260428,NSE,600,5
1203221,ADANIGREEN,ADANIGREEN26APR1060CE,106000,CE,20260428,NSE,600,5
1203222,ADANIGREEN,ADANIGREEN26APR1060PE,106000,PE,20260428,NSE,600,5
1203223,ADANIGREEN,ADANIGREEN26APR1080CE,108000,CE,20260428,NSE,600,5
1203224,ADANIGREEN,ADANIGREEN26APR1080PE,108000,PE,20260428,NSE,600,5
1203225,ADANIGREEN,ADANIGREEN26APR1100CE,110000,CE,20260428,NSE,600,5
1203226,ADANIGREEN,ADANIGREEN26APR1100PE,110000,PE,20260428,NSE,600,5
1203227,ADANIGREEN,ADANIGREEN26APR1120CE,112000,CE,20260428,NSE,600,5
1203228,ADANIGREEN,ADANIGREEN26APR1120PE,112000,PE,20260428,NSE,600,5
1236484,ADANIGREEN,ADANIGREEN26APR1140CE,114000,CE,20260428,NSE,600,5
1236485,ADANIGREEN,ADANIGREEN26APR1140PE,114000,PE,20260428,NSE,600,5
1203229,ADANIGREEN,ADANIGREEN26APR1160CE,116000,CE,20260428,NSE,600,5
1203230,ADANIGREEN,ADANIGREEN26APR1160PE,116000,PE,20260428,NSE,600,5
1250173,ADANIGREEN,ADANIGREEN26APR1180CE,118000,CE,20260428,NSE,600,5
1250174,ADANIGREEN,ADANIGREEN26APR1180PE,118000,PE,20260428,NSE,600,5
1203231,ADANIGREEN,ADANIGREEN26APR1200CE,120000,CE,20260428,NSE,600,5
1203232,ADANIGREEN,ADANIGREEN26APR1200PE,120000,PE,20260428,NSE,600,5
1250175,ADANIGREEN,ADANIGREEN26APR1220CE,122000,CE,20260428,NSE,600,5
1250176,ADANIGREEN,ADANIGREEN26APR1220PE,122000,PE,20260428,NSE,600,5
1203233,ADANIGREEN,ADANIGREEN26APR1240CE,124000,CE,20260428,NSE,600,5
1203234,ADANIGREEN,ADANIGREEN26APR1240PE,124000,PE,20260428,NSE,600,5
1203235,ADANIGREEN,ADANIGREEN26APR1280CE,128000,CE,20260428,NSE,600,5
1203236,ADANIGREEN,ADANIGREEN26APR1280PE,128000,PE,20260428,NSE,600,5
1234527,ADANIGREEN,ADANIGREEN26APR1320CE,132000,CE,20260428,NSE,600,5
1234528,ADANIGREEN,ADANIGREEN26APR1320PE,132000,PE,20260428,NSE,600,5
1250177,ADANIGREEN,ADANIGREEN26APR1360CE,136000,CE,20260428,NSE,600,5
1250178,ADANIGREEN,ADANIGREEN26APR1360PE,136000,PE,20260428,NSE,600,5
1250179,ADANIGREEN,ADANIGREEN26APR1400CE,140000,CE,20260428,NSE,600,5
1250180,ADANIGREEN,ADANIGREEN26APR1400PE,140000,PE,20260428,NSE,600,5
1195402,HDFCBANK,HDFCBANK26FEB560CE,56000,CE,20260224,NSE,550,5
1195403,HDFCBANK,HDFCBANK26FEB560PE,56000,PE,20260224,NSE,550,5
1189864,HDFCBANK,HDFCBANK26FEB570CE,57000,CE,20260224,NSE,550,5
1189865,HDFCBANK,HDFCBANK26FEB570PE,57000,PE,20260224,NSE,550,5
1185811,HDFCBANK,HDFCBANK26FEB580CE,58000,CE,20260224,NSE,550,5
1185812,HDFCBANK,HDFCBANK26FEB580PE,58000,PE,20260224,NSE,550,5
1183844,HDFCBANK,HDFCBANK26FEB590CE,59000,CE,20260224,NSE,550,5
1183845,HDFCBANK,HDFCBANK26FEB590PE,59000,PE,20260224,NSE,550,5
1182629,HDFCBANK,HDFCBANK26FEB600CE,60000,CE,20260224,NSE,550,5
1182630,HDFCBANK,HDFCBANK26FEB600PE,60000,PE,20260224,NSE,550,5
1182631,HDFCBANK,HDFCBANK26FEB610CE,61000,CE,20260224,NSE,550,5
1182632,HDFCBANK,HDFCBANK26FEB610PE,61000,PE,20260224,NSE,550,5
1079366,HDFCBANK,HDFCBANK26FEB620CE,62000,CE,20260224,NSE,550,5
1079367,HDFCBANK,HDFCBANK26FEB620PE,62000,PE,20260224,NSE,550,5
1148488,HDFCBANK,HDFCBANK26FEB630CE,63000,CE,20260224,NSE,550,5
1148489,HDFCBANK,HDFCBANK26FEB630PE,63000,PE,20260224,NSE,550,5
1079368,HDFCBANK,HDFCBANK26FEB640CE,64000,CE,20260224,NSE,550,5
1079369,HDFCBANK,HDFCBANK26FEB640PE,64000,PE,20260224,NSE,550,5
1148490,HDFCBANK,HDFCBANK26FEB650CE,65000,CE,20260224,NSE,550,5
1148491,HDFCBANK,HDFCBANK26FEB650PE,65000,PE,20260224,NSE,550,5
1079370,HDFCBANK,HDFCBANK26FEB660CE,66000,CE,20260224,NSE,550,5
1079371,HDFCBANK,HDFCBANK26FEB660PE,66000,PE,20260224,NSE,550,5
1148492,HDFCBANK,HDFCBANK26FEB670CE,67000,CE,20260224,NSE,550,5
1148493,HDFCBANK,HDFCBANK26FEB670PE,67000,PE,20260224,NSE,550,5
1079372,HDFCBANK,HDFCBANK26FEB680CE,68000,CE,20260224,NSE,550,5
1079373,HDFCBANK,HDFCBANK26FEB680PE,68000,PE,20260224,NSE,550,5
1148494,HDFCBANK,HDFCBANK26FEB690CE,69000,CE,20260224,NSE,550,5
1148495,HDFCBANK,HDFCBANK26FEB690PE,69000,PE,20260224,NSE,550,5
1079374,HDFCBANK,HDFCBANK26FEB700CE,70000,CE,20260224,NSE,550,5
1079375,HDFCBANK,HDFCBANK26FEB700PE,70000,PE,20260224,NSE,550,5
1148496,HDFCBANK,HDFCBANK26FEB710CE,71000,CE,20260224,NSE,550,5
1148497,HDFCBANK,HDFCBANK26FEB710PE,71000,PE,20260224,NSE,550,5
1079376,HDFCBANK,HDFCBANK26FEB720CE,72000,CE,20260224,NSE,550,5
1079377,HDFCBANK,HDFCBANK26FEB720PE,72000,PE,20260224,NSE,550,5
1148498,HDFCBANK,HDFCBANK26FEB730CE,73000,CE,20260224,NSE,550,5
1148499,HDFCBANK,HDFCBANK26FEB730PE,73000,PE,20260224,NSE,550,5
1079378,HDFCBANK,HDFCBANK26FEB740CE,74000,CE,20260224,NSE,550,5
1079379,HDFCBANK,HDFCBANK26FEB740PE,74000,PE,20260224,NSE,550,5
1189866,HDFCBANK,HDFCBANK26FEB745CE,74500,CE,20260224,NSE,550,5
1189867,HDFCBANK,HDFCBANK26FEB745PE,74500,PE,20260224,NSE,550,5
1148500,HDFCBANK,HDFCBANK26FEB750CE,75000,CE,20260224,NSE,550,5
1148501,HDFCBANK,HDFCBANK26FEB750PE,75000,PE,20260224,NSE,550,5
1186581,HDFCBANK,HDFCBANK26FEB755CE,75500,CE,20260224,NSE,550,5
1186582,HDFCBANK,HDFCBANK26FEB755PE,75500,PE,20260224,NSE,550,5
1079380,HDFCBANK,HDFCBANK26FEB760CE,76000,CE,20260224,NSE,550,5
1079381,HDFCBANK,HDFCBANK26FEB760PE,76000,PE,20260224,NSE,550,5
1185373,HDFCBANK,HDFCBANK26FEB765CE,76500,CE,20260224,NSE,550,5
1185374,HDFCBANK,HDFCBANK26FEB765PE,76500,PE,20260224,NSE,550,5
1148502,HDFCBANK,HDFCBANK26FEB770CE,77000,CE,20260224,NSE,550,5
1148503,HDFCBANK,HDFCBANK26FEB770PE,77000,PE,20260224,NSE,550,5
1183846,HDFCBANK,HDFCBANK26FEB775CE,77500,CE,20260224,NSE,550,5
1183847,HDFCBANK,HDFCBANK26FEB775PE,77500,PE,20260224,NSE,550,5
1079382,HDFCBANK,HDFCBANK26FEB780CE,78000,CE,20260224,NSE,550,5
1079383,HDFCBANK,HDFCBANK26FEB780PE,78000,PE,20260224,NSE,550,5
1182633,HDFCBANK,HDFCBANK26FEB785CE,78500,CE,20260224,NSE,550,5
1182634,HDFCBANK,HDFCBANK26FEB785PE,78500,PE,20260224,NSE,550,5
1148504,HDFCBANK,HDFCBANK26FEB790CE,79000,CE,20260224,NSE,550,5
1148505,HDFCBANK,HDFCBANK26FEB790PE,79000,PE,20260224,NSE,550,5
1182635,HDFCBANK,HDFCBANK26FEB795CE,79500,CE,20260224,NSE,550,5
1182636,HDFCBANK,HDFCBANK26FEB795PE,79500,PE,20260224,NSE,550,5
1079384,HDFCBANK,HDFCBANK26FEB800CE,80000,CE,20260224,NSE,550,5
1079385,HDFCBANK,HDFCBANK26FEB800PE,80000,PE,20260224,NSE,550,5
1181218,HDFCBANK,HDFCBANK26FEB805CE,80500,CE,20260224,NSE,550,5
1181219,HDFCBANK,HDFCBANK26FEB805PE,80500,PE,20260224,NSE,550,5
1079386,HDFCBANK,HDFCBANK26FEB810CE,81000,CE,20260224,NSE,550,5
1079387,HDFCBANK,HDFCBANK26FEB810PE,81000,PE,20260224,NSE,550,5
1148506,HDFCBANK,HDFCBANK26FEB815CE,81500,CE,20260224,NSE,550,5
1148507,HDFCBANK,HDFCBANK26FEB815PE,81500,PE,20260224,NSE,550,5
1079388,HDFCBANK,HDFCBANK26FEB820CE,82000,CE,20260224,NSE,550,5
1079389,HDFCBANK,HDFCBANK26FEB820PE,82000,PE,20260224,NSE,550,5
1148508,HDFCBANK,HDFCBANK26FEB825CE,82500,CE,20260224,NSE,550,5
1148509,HDFCBANK,HDFCBANK26FEB825PE,82500,PE,20260224,NSE,550,5
1079390,HDFCBANK,HDFCBANK26FEB830CE,83000,CE,20260224,NSE,550,5
1079391,HDFCBANK,HDFCBANK26FEB830PE,83000,PE,20260224,NSE,550,5
1148510,HDFCBANK,HDFCBANK26FEB835CE,83500,CE,20260224,NSE,550,5
1148511,HDFCBANK,HDFCBANK26FEB835PE,83500,PE,20260224,NSE,550,5
1079392,HDFCBANK,HDFCBANK26FEB840CE,84000,CE,20260224,NSE,550,5
1079393,HDFCBANK,HDFCBANK26FEB840PE,84000,PE,20260224,NSE,550,5
1148512,HDFCBANK,HDFCBANK26FEB845CE,84500,CE,20260224,NSE,550,5
1148513,HDFCBANK,HDFCBANK26FEB845PE,84500,PE,20260224,NSE,550,5
1079394,HDFCBANK,HDFCBANK26FEB850CE,85000,CE,20260224,NSE,550,5
1079395,HDFCBANK,HDFCBANK26FEB850PE,85000,PE,20260224,NSE,550,5
1148514,HDFCBANK,HDFCBANK26FEB855CE,85500,CE,20260224,NSE,550,5
1148515,HDFCBANK,HDFCBANK26FEB855PE,85500,PE,20260224,NSE,550,5
1079396,HDFCBANK,HDFCBANK26FEB860CE,86000,CE,20260224,NSE,550,5
1079397,HDFCBANK,HDFCBANK26FEB860PE,86000,PE,20260224,NSE,550,5
1148516,HDFCBANK,HDFCBANK26FEB865CE,86500,CE,20260224,NSE,550,5
1148517,HDFCBANK,HDFCBANK26FEB865PE,86500,PE,20260224,NSE,550,5
1079398,HDFCBANK,HDFCBANK26FEB870CE,87000,CE,20260224,NSE,550,5
1079399,HDFCBANK,HDFCBANK26FEB870PE,87000,PE,20260224,NSE,550,5
1148518,HDFCBANK,HDFCBANK26FEB875CE,87500,CE,20260224,NSE,550,5
1148519,HDFCBANK,HDFCBANK26FEB875PE,87500,PE,20260224,NSE,550,5
1079400,HDFCBANK,HDFCBANK26FEB880CE,88000,CE,20260224,NSE,550,5
1079401,HDFCBANK,HDFCBANK26FEB880PE,88000,PE,20260224,NSE,550,5
1148520,HDFCBANK,HDFCBANK26FEB885CE,88500,CE,20260224,NSE,550,5
1148521,HDFCBANK,HDFCBANK26FEB885PE,88500,PE,20260224,NSE,550,5
1079402,HDFCBANK,HDFCBANK26FEB890CE,89000,CE,20260224,NSE,550,5
1079403,HDFCBANK,HDFCBANK26FEB890PE,89000,PE,20260224,NSE,550,5
1148522,HDFCBANK,HDFCBANK26FEB895CE,89500,CE,20260224,NSE,550,5
1148523,HDFCBANK,HDFCBANK26FEB895PE,89500,PE,20260224,NSE,550,5
1079404,HDFCBANK,HDFCBANK26FEB900CE,90000,CE,20260224,NSE,550,5
1079405,HDFCBANK,HDFCBANK26FEB900PE,90000,PE,20260224,NSE,550,5
1148524,HDFCBANK,HDFCBANK26FEB905CE,90500,CE,20260224,NSE,550,5
1148525,HDFCBANK,HDFCBANK26FEB905PE,90500,PE,20260224,NSE,550,5
1079406,HDFCBANK,HDFCBANK26FEB910CE,91000,CE,20260224,NSE,550,5
1079407,HDFCBANK,HDFCBANK26FEB910PE,91000,PE,20260224,NSE,550,5
1148526,HDFCBANK,HDFCBANK26FEB915CE,91500,CE,20260224,NSE,550,5
1148527,HDFCBANK,HDFCBANK26FEB915PE,91500,PE,20260224,NSE,550,5
1079408,HDFCBANK,HDFCBANK26FEB920CE,92000,CE,20260224,NSE,550,5
1079409,HDFCBANK,HDFCBANK26FEB920PE,92000,PE,20260224,NSE,550,5
1148528,HDFCBANK,HDFCBANK26FEB925CE,92500,CE,20260224,NSE,550,5
1148529,HDFCBANK,HDFCBANK26FEB925PE,92500,PE,20260224,NSE,550,5
1079410,HDFCBANK,HDFCBANK26FEB930CE,93000,CE,20260224,NSE,550,5
1079411,HDFCBANK,HDFCBANK26FEB930PE,93000,PE,20260224,NSE,550,5
1148530,HDFCBANK,HDFCBANK26FEB935CE,93500,CE,20260224,NSE,550,5
1148531,HDFCBANK,HDFCBANK26FEB935PE,93500,PE,20260224,NSE,550,5
1079412,HDFCBANK,HDFCBANK26FEB940CE,94000,CE,20260224,NSE,550,5
1079413,HDFCBANK,HDFCBANK26FEB940PE,94000,PE,20260224,NSE,550,5
1148532,HDFCBANK,HDFCBANK26FEB945CE,94500,CE,20260224,NSE,550,5
1148533,HDFCBANK,HDFCBANK26FEB945PE,94500,PE,20260224,NSE,550,5
1079414,HDFCBANK,HDFCBANK26FEB950CE,95000,CE,20260224,NSE,550,5
1079415,HDFCBANK,HDFCBANK26FEB950PE,95000,PE,20260224,NSE,550,5
1148534,HDFCBANK,HDFCBANK26FEB955CE,95500,CE,20260224,NSE,550,5
1148535,HDFCBANK,HDFCBANK26FEB955PE,95500,PE,20260224,NSE,550,5
1079416,HDFCBANK,HDFCBANK26FEB960CE,96000,CE,20260224,NSE,550,5
1079417,HDFCBANK,HDFCBANK26FEB960PE,96000,PE,20260224,NSE,550,5
1148536,HDFCBANK,HDFCBANK26FEB965CE,96500,CE,20260224,NSE,550,5
1148537,HDFCBANK,HDFCBANK26FEB965PE,96500,PE,20260224,NSE,550,5
1079418,HDFCBANK,HDFCBANK26FEB970CE,97000,CE,20260224,NSE,550,5
1079419,HDFCBANK,HDFCBANK26FEB970PE,97000,PE,20260224,NSE,550,5
1148538,HDFCBANK,HDFCBANK26FEB975CE,97500,CE,20260224,NSE,550,5
1148539,HDFCBANK,HDFCBANK26FEB975PE,97500,PE,20260224,NSE,550,5
1079420,HDFCBANK,HDFCBANK26FEB980CE,98000,CE,20260224,NSE,550,5
1079421,HDFCBANK,HDFCBANK26FEB980PE,98000,PE,20260224,NSE,550,5
1148540,HDFCBANK,HDFCBANK26FEB985CE,98500,CE,20260224,NSE,550,5
1148541,HDFCBANK,HDFCBANK26FEB985PE,98500,PE,20260224,NSE,550,5
1079422,HDFCBANK,HDFCBANK26FEB990CE,99000,CE,20260224,NSE,550,5
1079423,HDFCBANK,HDFCBANK26FEB990PE,99000,PE,20260224,NSE,550,5
1148542,HDFCBANK,HDFCBANK26FEB995CE,99500,CE,20260224,NSE,550,5
1148543,HDFCBANK,HDFCBANK26FEB995PE,99500,PE,20260224,NSE,550,5
1079424,HDFCBANK,HDFCBANK26FEB1000CE,100000,CE,20260224,NSE,550,5
1079425,HDFCBANK,HDFCBANK26FEB1000PE,100000,PE,20260224,NSE,550,5
1148544,HDFCBANK,HDFCBANK26FEB1005CE,100500,CE,20260224,NSE,550,5
1148545,HDFCBANK,HDFCBANK26FEB1005PE,100500,PE,20260224,NSE,550,5
1079426,HDFCBANK,HDFCBANK26FEB1010CE,101000,CE,20260224,NSE,550,5
1079427,HDFCBANK,HDFCBANK26FEB1010PE,101000,PE,20260224,NSE,550,5
1148546,HDFCBANK,HDFCBANK26FEB1015CE,101500,CE,20260224,NSE,550,5
1148547,HDFCBANK,HDFCBANK26FEB1015PE,101500,PE,20260224,NSE,550,5
1079428,HDFCBANK,HDFCBANK26FEB1020CE,102000,CE,20260224,NSE,550,5
1079429,HDFCBANK,HDFCBANK26FEB1020PE,102000,PE,20260224,NSE,550,5
1148548,HDFCBANK,HDFCBANK26FEB1025CE,102500,CE,20260224,NSE,550,5
1148549,HDFCBANK,HDFCBANK26FEB1025PE,102500,PE,20260224,NSE,550,5
1079430,HDFCBANK,HDFCBANK26FEB1030CE,103000,CE,20260224,NSE,550,5
1079431,HDFCBANK,HDFCBANK26FEB1030PE,103000,PE,20260224,NSE,550,5
1148550,HDFCBANK,HDFCBANK26FEB1035CE,103500,CE,20260224,NSE,550,5
1148551,HDFCBANK,HDFCBANK26FEB1035PE,103500,PE,20260224,NSE,550,5
1079432,HDFCBANK,HDFCBANK26FEB1040CE,104000,CE,20260224,NSE,550,5
1079433,HDFCBANK,HDFCBANK26FEB1040PE,104000,PE,20260224,NSE,550,5
1148552,HDFCBANK,HDFCBANK26FEB1045CE,104500,CE,20260224,NSE,550,5
1148553,HDFCBANK,HDFCBANK26FEB1045PE,104500,PE,20260224,NSE,550,5
1079434,HDFCBANK,HDFCBANK26FEB1050CE,105000,CE,20260224,NSE,550,5
1079435,HDFCBANK,HDFCBANK26FEB1050PE,105000,PE,20260224,NSE,550,5
1148554,HDFCBANK,HDFCBANK26FEB1055CE,105500,CE,20260224,NSE,550,5
1148555,HDFCBANK,HDFCBANK26FEB1055PE,105500,PE,20260224,NSE,550,5
1079436,HDFCBANK,HDFCBANK26FEB1060CE,106000,CE,20260224,NSE,550,5
1079437,HDFCBANK,HDFCBANK26FEB1060PE,106000,PE,20260224,NSE,550,5
1148556,HDFCBANK,HDFCBANK26FEB1065CE,106500,CE,20260224,NSE,550,5
1148557,HDFCBANK,HDFCBANK26FEB1065PE,106500,PE,20260224,NSE,550,5
1079438,HDFCBANK,HDFCBANK26FEB1070CE,107000,CE,20260224,NSE,550,5
1079439,HDFCBANK,HDFCBANK26FEB1070PE,107000,PE,20260224,NSE,550,5
1148558,HDFCBANK,HDFCBANK26FEB1075CE,107500,CE,20260224,NSE,550,5
1148559,HDFCBANK,HDFCBANK26FEB1075PE,107500,PE,20260224,NSE,550,5
1079440,HDFCBANK,HDFCBANK26FEB1080CE,108000,CE,20260224,NSE,550,5
1079441,HDFCBANK,HDFCBANK26FEB1080PE,108000,PE,20260224,NSE,550,5
1148560,HDFCBANK,HDFCBANK26FEB1085CE,108500,CE,20260224,NSE,550,5
1148561,HDFCBANK,HDFCBANK26FEB1085PE,108500,PE,20260224,NSE,550,5
1079442,HDFCBANK,HDFCBANK26FEB1090CE,109000,CE,20260224,NSE,550,5
1079443,HDFCBANK,HDFCBANK26FEB1090PE,109000,PE,20260224,NSE,550,5
1148562,HDFCBANK,HDFCBANK26FEB1095CE,109500,CE,20260224,NSE,550,5
1148563,HDFCBANK,HDFCBANK26FEB1095PE,109500,PE,20260224,NSE,550,5
1079444,HDFCBANK,HDFCBANK26FEB1100CE,110000,CE,20260224,NSE,550,5
1079445,HDFCBANK,HDFCBANK26FEB1100PE,110000,PE,20260224,NSE,550,5
1148564,HDFCBANK,HDFCBANK26FEB1105CE,110500,CE,20260224,NSE,550,5
1148565,HDFCBANK,HDFCBANK26FEB1105PE,110500,PE,20260224,NSE,550,5
1079446,HDFCBANK,HDFCBANK26FEB1110CE,111000,CE,20260224,NSE,550,5
1079447,HDFCBANK,HDFCBANK26FEB1110PE,111000,PE,20260224,NSE,550,5
1148566,HDFCBANK,HDFCBANK26FEB1115CE,111500,CE,20260224,NSE,550,5
1148567,HDFCBANK,HDFCBANK26FEB1115PE,111500,PE,20260224,NSE,550,5
1079448,HDFCBANK,HDFCBANK26FEB1120CE,112000,CE,20260224,NSE,550,5
1079449,HDFCBANK,HDFCBANK26FEB1120PE,112000,PE,20260224,NSE,550,5
1148568,HDFCBANK,HDFCBANK26FEB1125CE,112500,CE,20260224,NSE,550,5
1148569,HDFCBANK,HDFCBANK26FEB1125PE,112500,PE,20260224,NSE,550,5
1079450,HDFCBANK,HDFCBANK26FEB1130CE,113000,CE,20260224,NSE,550,5
1079451,HDFCBANK,HDFCBANK26FEB1130PE,113000,PE,20260224,NSE,550,5
1079452,HDFCBANK,HDFCBANK26FEB1140CE,114000,CE,20260224,NSE,550,5
1079453,HDFCBANK,HDFCBANK26FEB1140PE,114000,PE,20260224,NSE,550,5
1079454,HDFCBANK,HDFCBANK26FEB1150CE,115000,CE,20260224,NSE,550,5
1079455,HDFCBANK,HDFCBANK26FEB1150PE,115000,PE,20260224,NSE,550,5
1079456,HDFCBANK,HDFCBANK26FEB1160CE,116000,CE,20260224,NSE,550,5
1079457,HDFCBANK,HDFCBANK26FEB1160PE,116000,PE,20260224,NSE,550,5
1079458,HDFCBANK,HDFCBANK26FEB1170CE,117000,CE,20260224,NSE,550,5
1079459,HDFCBANK,HDFCBANK26FEB1170PE,117000,PE,20260224,NSE,550,5
1079460,HDFCBANK,HDFCBANK26FEB1180CE,118000,CE,20260224,NSE,550,5
1079461,HDFCBANK,HDFCBANK26FEB1180PE,118000,PE,20260224,NSE,550,5
1098254,HDFCBANK,HDFCBANK26FEB1190CE,119000,CE,20260224,NSE,550,5
1098255,HDFCBANK,HDFCBANK26FEB1190PE,119000,PE,20260224,NSE,550,5
1079462,HDFCBANK,HDFCBANK26FEB1200CE,120000,CE,20260224,NSE,550,5
1079463,HDFCBANK,HDFCBANK26FEB1200PE,120000,PE,20260224,NSE,550,5
1148578,HDFCBANK,HDFCBANK26FEB1210CE,121000,CE,20260224,NSE,550,5
1148579,HDFCBANK,HDFCBANK26FEB1210PE,121000,PE,20260224,NSE,550,5
1079464,HDFCBANK,HDFCBANK26FEB1220CE,122000,CE,20260224,NSE,550,5
1079465,HDFCBANK,HDFCBANK26FEB1220PE,122000,PE,20260224,NSE,550,5
1148580,HDFCBANK,HDFCBANK26FEB1230CE,123000,CE,20260224,NSE,550,5
1148581,HDFCBANK,HDFCBANK26FEB1230PE,123000,PE,20260224,NSE,550,5
1079466,HDFCBANK,HDFCBANK26FEB1240CE,124000,CE,20260224,NSE,550,5
1079467,HDFCBANK,HDFCBANK26FEB1240PE,124000,PE,20260224,NSE,550,5
1148582,HDFCBANK,HDFCBANK26FEB1250CE,125000,CE,20260224,NSE,550,5
1148583,HDFCBANK,HDFCBANK26FEB1250PE,125000,PE,20260224,NSE,550,5
1079468,HDFCBANK,HDFCBANK26FEB1260CE,126000,CE,20260224,NSE,550,5
1079469,HDFCBANK,HDFCBANK26FEB1260PE,126000,PE,20260224,NSE,550,5
1148584,HDFCBANK,HDFCBANK26FEB1270CE,127000,CE,20260224,NSE,550,5
1148585,HDFCBANK,HDFCBANK26FEB1270PE,127000,PE,20260224,NSE,550,5
1079470,HDFCBANK,HDFCBANK26FEB1280CE,128000,CE,20260224,NSE,550,5
1079471,HDFCBANK,HDFCBANK26FEB1280PE,128000,PE,20260224,NSE,550,5
1148586,HDFCBANK,HDFCBANK26FEB1290CE,129000,CE,20260224,NSE,550,5
1148587,HDFCBANK,HDFCBANK26FEB1290PE,129000,PE,20260224,NSE,550,5
1079472,HDFCBANK,HDFCBANK26FEB1300CE,130000,CE,20260224,NSE,550,5
1079473,HDFCBANK,HDFCBANK26FEB1300PE,130000,PE,20260224,NSE,550,5
1148588,HDFCBANK,HDFCBANK26FEB1310CE,131000,CE,20260224,NSE,550,5
1148589,HDFCBANK,HDFCBANK26FEB1310PE,131000,PE,20260224,NSE,550,5
1189868,HDFCBANK,HDFCBANK26MAR560CE,56000,CE,20260330,NSE,550,5
1189869,HDFCBANK,HDFCBANK26MAR560PE,56000,PE,20260330,NSE,550,5
1213346,HDFCBANK,HDFCBANK26MAR570CE,57000,CE,20260330,NSE,550,5
1213347,HDFCBANK,HDFCBANK26MAR570PE,57000,PE,20260330,NSE,550,5
1183848,HDFCBANK,HDFCBANK26MAR580CE,58000,CE,20260330,NSE,550,5
1183849,HDFCBANK,HDFCBANK26MAR580PE,58000,PE,20260330,NSE,550,5
1213348,HDFCBANK,HDFCBANK26MAR590CE,59000,CE,20260330,NSE,550,5
1213349,HDFCBANK,HDFCBANK26MAR590PE,59000,PE,20260330,NSE,550,5
1182637,HDFCBANK,HDFCBANK26MAR600CE,60000,CE,20260330,NSE,550,5
1182638,HDFCBANK,HDFCBANK26MAR600PE,60000,PE,20260330,NSE,550,5
1213350,HDFCBANK,HDFCBANK26MAR610CE,61000,CE,20260330,NSE,550,5
1213351,HDFCBANK,HDFCBANK26MAR610PE,61000,PE,20260330,NSE,550,5
1181220,HDFCBANK,HDFCBANK26MAR620CE,62000,CE,20260330,NSE,550,5
1181221,HDFCBANK,HDFCBANK26MAR620PE,62000,PE,20260330,NSE,550,5
1213352,HDFCBANK,HDFCBANK26MAR630CE,63000,CE,20260330,NSE,550,5
1213353,HDFCBANK,HDFCBANK26MAR630PE,63000,PE,20260330,NSE,550,5
1148594,HDFCBANK,HDFCBANK26MAR640CE,64000,CE,20260330,NSE,550,5
1148595,HDFCBANK,HDFCBANK26MAR640PE,64000,PE,20260330,NSE,550,5
1213354,HDFCBANK,HDFCBANK26MAR650CE,65000,CE,20260330,NSE,550,5
1213355,HDFCBANK,HDFCBANK26MAR650PE,65000,PE,20260330,NSE,550,5
1148596,HDFCBANK,HDFCBANK26MAR660CE,66000,CE,20260330,NSE,550,5
1148597,HDFCBANK,HDFCBANK26MAR660PE,66000,PE,20260330,NSE,550,5
1213356,HDFCBANK,HDFCBANK26MAR670CE,67000,CE,20260330,NSE,550,5
1213357,HDFCBANK,HDFCBANK26MAR670PE,67000,PE,20260330,NSE,550,5
1148598,HDFCBANK,HDFCBANK26MAR680CE,68000,CE,20260330,NSE,550,5
1148599,HDFCBANK,HDFCBANK26MAR680PE,68000,PE,20260330,NSE,550,5
1213358,HDFCBANK,HDFCBANK26MAR690CE,69000,CE,20260330,NSE,550,5
1213359,HDFCBANK,HDFCBANK26MAR690PE,69000,PE,20260330,NSE,550,5
1148600,HDFCBANK,HDFCBANK26MAR700CE,70000,CE,20260330,NSE,550,5
1148601,HDFCBANK,HDFCBANK26MAR700PE,70000,PE,20260330,NSE,550,5
1213360,HDFCBANK,HDFCBANK26MAR710CE,71000,CE,20260330,NSE,550,5
1213361,HDFCBANK,HDFCBANK26MAR710PE,71000,PE,20260330,NSE,550,5
1148602,HDFCBANK,HDFCBANK26MAR720CE,72000,CE,20260330,NSE,550,5
1148603,HDFCBANK,HDFCBANK26MAR720PE,72000,PE,20260330,NSE,550,5
1213362,HDFCBANK,HDFCBANK26MAR730CE,73000,CE,20260330,NSE,550,5
1213363,HDFCBANK,HDFCBANK26MAR730PE,73000,PE,20260330,NSE,550,5
1148604,HDFCBANK,HDFCBANK26MAR740CE,74000,CE,20260330,NSE,550,5
1148605,HDFCBANK,HDFCBANK26MAR740PE,74000,PE,20260330,NSE,550,5
1213364,HDFCBANK,HDFCBANK26MAR745CE,74500,CE,20260330,NSE,550,5
1213365,HDFCBANK,HDFCBANK26MAR745PE,74500,PE,20260330,NSE,550,5
1189870,HDFCBANK,HDFCBANK26MAR750CE,75000,CE,20260330,NSE,550,5
1189871,HDFCBANK,HDFCBANK26MAR750PE,75000,PE,20260330,NSE,550,5
1213366,HDFCBANK,HDFCBANK26MAR755CE,75500,CE,20260330,NSE,550,5
1213367,HDFCBANK,HDFCBANK26MAR755PE,75500,PE,20260330,NSE,550,5
1148606,HDFCBANK,HDFCBANK26MAR760CE,76000,CE,20260330,NSE,550,5
1148607,HDFCBANK,HDFCBANK26MAR760PE,76000,PE,20260330,NSE,550,5
1213368,HDFCBANK,HDFCBANK26MAR765CE,76500,CE,20260330,NSE,550,5
1213369,HDFCBANK,HDFCBANK26MAR765PE,76500,PE,20260330,NSE,550,5
1183850,HDFCBANK,HDFCBANK26MAR770CE,77000,CE,20260330,NSE,550,5
1183851,HDFCBANK,HDFCBANK26MAR770PE,77000,PE,20260330,NSE,550,5
1213370,HDFCBANK,HDFCBANK26MAR775CE,77500,CE,20260330,NSE,550,5
1213371,HDFCBANK,HDFCBANK26MAR775PE,77500,PE,20260330,NSE,550,5
1148608,HDFCBANK,HDFCBANK26MAR780CE,78000,CE,20260330,NSE,550,5
1148609,HDFCBANK,HDFCBANK26MAR780PE,78000,PE,20260330,NSE,550,5
1213372,HDFCBANK,HDFCBANK26MAR785CE,78500,CE,20260330,NSE,550,5
1213373,HDFCBANK,HDFCBANK26MAR785PE,78500,PE,20260330,NSE,550,5
1182639,HDFCBANK,HDFCBANK26MAR790CE,79000,CE,20260330,NSE,550,5
1182640,HDFCBANK,HDFCBANK26MAR790PE,79000,PE,20260330,NSE,550,5
1213374,HDFCBANK,HDFCBANK26MAR795CE,79500,CE,20260330,NSE,550,5
1213375,HDFCBANK,HDFCBANK26MAR795PE,79500,PE,20260330,NSE,550,5
1148610,HDFCBANK,HDFCBANK26MAR800CE,80000,CE,20260330,NSE,550,5
1148611,HDFCBANK,HDFCBANK26MAR800PE,80000,PE,20260330,NSE,550,5
1213376,HDFCBANK,HDFCBANK26MAR805CE,80500,CE,20260330,NSE,550,5
1213377,HDFCBANK,HDFCBANK26MAR805PE,80500,PE,20260330,NSE,550,5
1148612,HDFCBANK,HDFCBANK26MAR810CE,81000,CE,20260330,NSE,550,5
1148613,HDFCBANK,HDFCBANK26MAR810PE,81000,PE,20260330,NSE,550,5
1213378,HDFCBANK,HDFCBANK26MAR815CE,81500,CE,20260330,NSE,550,5
1213379,HDFCBANK,HDFCBANK26MAR815PE,81500,PE,20260330,NSE,550,5
1148614,HDFCBANK,HDFCBANK26MAR820CE,82000,CE,20260330,NSE,550,5
1148615,HDFCBANK,HDFCBANK26MAR820PE,82000,PE,20260330,NSE,550,5
1213380,HDFCBANK,HDFCBANK26MAR825CE,82500,CE,20260330,NSE,550,5
1213381,HDFCBANK,HDFCBANK26MAR825PE,82500,PE,20260330,NSE,550,5
1148616,HDFCBANK,HDFCBANK26MAR830CE,83000,CE,20260330,NSE,550,5
1148617,HDFCBANK,HDFCBANK26MAR830PE,83000,PE,20260330,NSE,550,5
1213382,HDFCBANK,HDFCBANK26MAR835CE,83500,CE,20260330,NSE,550,5
1213383,HDFCBANK,HDFCBANK26MAR835PE,83500,PE,20260330,NSE,550,5
1148618,HDFCBANK,HDFCBANK26MAR840CE,84000,CE,20260330,NSE,550,5
1148619,HDFCBANK,HDFCBANK26MAR840PE,84000,PE,20260330,NSE,550,5
1213384,HDFCBANK,HDFCBANK26MAR845CE,84500,CE,20260330,NSE,550,5
1213385,HDFCBANK,HDFCBANK26MAR845PE,84500,PE,20260330,NSE,550,5
1148620,HDFCBANK,HDFCBANK26MAR850CE,85000,CE,20260330,NSE,550,5
1148621,HDFCBANK,HDFCBANK26MAR850PE,85000,PE,20260330,NSE,550,5
1213386,HDFCBANK,HDFCBANK26MAR855CE,85500,CE,20260330,NSE,550,5
1213387,HDFCBANK,HDFCBANK26MAR855PE,85500,PE,20260330,NSE,550,5
1148622,HDFCBANK,HDFCBANK26MAR860CE,86000,CE,20260330,NSE,550,5
1148623,HDFCBANK,HDFCBANK26MAR860PE,86000,PE,20260330,NSE,550,5
1213388,HDFCBANK,HDFCBANK26MAR865CE,86500,CE,20260330,NSE,550,5
1213389,HDFCBANK,HDFCBANK26MAR865PE,86500,PE,20260330,NSE,550,5
1148624,HDFCBANK,HDFCBANK26MAR870CE,87000,CE,20260330,NSE,550,5
1148625,HDFCBANK,HDFCBANK26MAR870PE,87000,PE,20260330,NSE,550,5
1213390,HDFCBANK,HDFCBANK26MAR875CE,87500,CE,20260330,NSE,550,5
1213391,HDFCBANK,HDFCBANK26MAR875PE,87500,PE,20260330,NSE,550,5
1148626,HDFCBANK,HDFCBANK26MAR880CE,88000,CE,20260330,NSE,550,5
1148627,HDFCBANK,HDFCBANK26MAR880PE,88000,PE,20260330,NSE,550,5
1213392,HDFCBANK,HDFCBANK26MAR885CE,88500,CE,20260330,NSE,550,5
1213393,HDFCBANK,HDFCBANK26MAR885PE,88500,PE,20260330,NSE,550,5
1148628,HDFCBANK,HDFCBANK26MAR890CE,89000,CE,20260330,NSE,550,5
1148629,HDFCBANK,HDFCBANK26MAR890PE,89000,PE,20260330,NSE,550,5
1213394,HDFCBANK,HDFCBANK26MAR895CE,89500,CE,20260330,NSE,550,5
1213395,HDFCBANK,HDFCBANK26MAR895PE,89500,PE,20260330,NSE,550,5
1148630,HDFCBANK,HDFCBANK26MAR900CE,90000,CE,20260330,NSE,550,5
1148631,HDFCBANK,HDFCBANK26MAR900PE,90000,PE,20260330,NSE,550,5
1213396,HDFCBANK,HDFCBANK26MAR905CE,90500,CE,20260330,NSE,550,5
1213397,HDFCBANK,HDFCBANK26MAR905PE,90500,PE,20260330,NSE,550,5
1148632,HDFCBANK,HDFCBANK26MAR910CE,91000,CE,20260330,NSE,550,5
1148633,HDFCBANK,HDFCBANK26MAR910PE,91000,PE,20260330,NSE,550,5
1213398,HDFCBANK,HDFCBANK26MAR915CE,91500,CE,20260330,NSE,550,5
1213399,HDFCBANK,HDFCBANK26MAR915PE,91500,PE,20260330,NSE,550,5
1148634,HDFCBANK,HDFCBANK26MAR920CE,92000,CE,20260330,NSE,550,5
1148635,HDFCBANK,HDFCBANK26MAR920PE,92000,PE,20260330,NSE,550,5
1213400,HDFCBANK,HDFCBANK26MAR925CE,92500,CE,20260330,NSE,550,5
1213401,HDFCBANK,HDFCBANK26MAR925PE,92500,PE,20260330,NSE,550,5
1148636,HDFCBANK,HDFCBANK26MAR930CE,93000,CE,20260330,NSE,550,5
1148637,HDFCBANK,HDFCBANK26MAR930PE,93000,PE,20260330,NSE,550,5
1213402,HDFCBANK,HDFCBANK26MAR935CE,93500,CE,20260330,NSE,550,5
1213403,HDFCBANK,HDFCBANK26MAR935PE,93500,PE,20260330,NSE,550,5
1148638,HDFCBANK,HDFCBANK26MAR940CE,94000,CE,20260330,NSE,550,5
1148639,HDFCBANK,HDFCBANK26MAR940PE,94000,PE,20260330,NSE,550,5
1213404,HDFCBANK,HDFCBANK26MAR945CE,94500,CE,20260330,NSE,550,5
1213405,HDFCBANK,HDFCBANK26MAR945PE,94500,PE,20260330,NSE,550,5
1148640,HDFCBANK,HDFCBANK26MAR950CE,95000,CE,20260330,NSE,550,5
1148641,HDFCBANK,HDFCBANK26MAR950PE,95000,PE,20260330,NSE,550,5
1213406,HDFCBANK,HDFCBANK26MAR955CE,95500,CE,20260330,NSE,550,5
1213407,HDFCBANK,HDFCBANK26MAR955PE,95500,PE,20260330,NSE,550,5
1148642,HDFCBANK,HDFCBANK26MAR960CE,96000,CE,20260330,NSE,550,5
1148643,HDFCBANK,HDFCBANK26MAR960PE,96000,PE,20260330,NSE,550,5
1213408,HDFCBANK,HDFCBANK26MAR965CE,96500,CE,20260330,NSE,550,5
1213409,HDFCBANK,HDFCBANK26MAR965PE,96500,PE,20260330,NSE,550,5
1148644,HDFCBANK,HDFCBANK26MAR970CE,97000,CE,20260330,NSE,550,5
1148645,HDFCBANK,HDFCBANK26MAR970PE,97000,PE,20260330,NSE,550,5
1213410,HDFCBANK,HDFCBANK26MAR975CE,97500,CE,20260330,NSE,550,5
1213411,HDFCBANK,HDFCBANK26MAR975PE,97500,PE,20260330,NSE,550,5
1148646,HDFCBANK,HDFCBANK26MAR980CE,98000,CE,20260330,NSE,550,5
1148647,HDFCBANK,HDFCBANK26MAR980PE,98000,PE,20260330,NSE,550,5
1213412,HDFCBANK,HDFCBANK26MAR985CE,98500,CE,20260330,NSE,550,5
1213413,HDFCBANK,HDFCBANK26MAR985PE,98500,PE,20260330,NSE,550,5
1148648,HDFCBANK,HDFCBANK26MAR990CE,99000,CE,20260330,NSE,550,5
1148649,HDFCBANK,HDFCBANK26MAR990PE,99000,PE,20260330,NSE,550,5
1213414,HDFCBANK,HDFCBANK26MAR995CE,99500,CE,20260330,NSE,550,5
1213415,HDFCBANK,HDFCBANK26MAR995PE,99500,PE,20260330,NSE,550,5
1148650,HDFCBANK,HDFCBANK26MAR1000CE,100000,CE,20260330,NSE,550,5
1148651,HDFCBANK,HDFCBANK26MAR1000PE,100000,PE,20260330,NSE,550,5
1213416,HDFCBANK,HDFCBANK26MAR1005CE,100500,CE,20260330,NSE,550,5
1213417,HDFCBANK,HDFCBANK26MAR1005PE,100500,PE,20260330,NSE,550,5
1148652,HDFCBANK,HDFCBANK26MAR1010CE,101000,CE,20260330,NSE,550,5
1148653,HDFCBANK,HDFCBANK26MAR1010PE,101000,PE,20260330,NSE,550,5
1213418,HDFCBANK,HDFCBANK26MAR1015CE,101500,CE,20260330,NSE,550,5
1213419,HDFCBANK,HDFCBANK26MAR1015PE,101500,PE,20260330,NSE,550,5
1148654,HDFCBANK,HDFCBANK26MAR1020CE,102000,CE,20260330,NSE,550,5
1148655,HDFCBANK,HDFCBANK26MAR1020PE,102000,PE,20260330,NSE,550,5
1213420,HDFCBANK,HDFCBANK26MAR1025CE,102500,CE,20260330,NSE,550,5
1213421,HDFCBANK,HDFCBANK26MAR1025PE,102500,PE,20260330,NSE,550,5
1148656,HDFCBANK,HDFCBANK26MAR1030CE,103000,CE,20260330,NSE,550,5
1148657,HDFCBANK,HDFCBANK26MAR1030PE,103000,PE,20260330,NSE,550,5
1213422,HDFCBANK,HDFCBANK26MAR1035CE,103500,CE,20260330,NSE,550,5
1213423,HDFCBANK,HDFCBANK26MAR1035PE,103500,PE,20260330,NSE,550,5
1148658,HDFCBANK,HDFCBANK26MAR1040CE,104000,CE,20260330,NSE,550,5
1148659,HDFCBANK,HDFCBANK26MAR1040PE,104000,PE,20260330,NSE,550,5
1213424,HDFCBANK,HDFCBANK26MAR1045CE,104500,CE,20260330,NSE,550,5
1213425,HDFCBANK,HDFCBANK26MAR1045PE,104500,PE,20260330,NSE,550,5
1148660,HDFCBANK,HDFCBANK26MAR1050CE,105000,CE,20260330,NSE,550,5
1148661,HDFCBANK,HDFCBANK26MAR1050PE,105000,PE,20260330,NSE,550,5
1213426,HDFCBANK,HDFCBANK26MAR1055CE,105500,CE,20260330,NSE,550,5
1213427,HDFCBANK,HDFCBANK26MAR1055PE,105500,PE,20260330,NSE,550,5
1148662,HDFCBANK,HDFCBANK26MAR1060CE,106000,CE,20260330,NSE,550,5
1148663,HDFCBANK,HDFCBANK26MAR1060PE,106000,PE,20260330,NSE,550,5
1213428,HDFCBANK,HDFCBANK26MAR1065CE,106500,CE,20260330,NSE,550,5
1213429,HDFCBANK,HDFCBANK26MAR1065PE,106500,PE,20260330,NSE,550,5
1148664,HDFCBANK,HDFCBANK26MAR1070CE,107000,CE,20260330,NSE,550,5
1148665,HDFCBANK,HDFCBANK26MAR1070PE,107000,PE,20260330,NSE,550,5
1213430,HDFCBANK,HDFCBANK26MAR1075CE,107500,CE,20260330,NSE,550,5
1213431,HDFCBANK,HDFCBANK26MAR1075PE,107500,PE,20260330,NSE,550,5
1148666,HDFCBANK,HDFCBANK26MAR1080CE,108000,CE,20260330,NSE,550,5
1148667,HDFCBANK,HDFCBANK26MAR1080PE,108000,PE,20260330,NSE,550,5
1213432,HDFCBANK,HDFCBANK26MAR1085CE,108500,CE,20260330,NSE,550,5
1213433,HDFCBANK,HDFCBANK26MAR1085PE,108500,PE,20260330,NSE,550,5
1148668,HDFCBANK,HDFCBANK26MAR1090CE,109000,CE,20260330,NSE,550,5
1148669,HDFCBANK,HDFCBANK26MAR1090PE,109000,PE,20260330,NSE,550,5
1213434,HDFCBANK,HDFCBANK26MAR1095CE,109500,CE,20260330,NSE,550,5
1213435,HDFCBANK,HDFCBANK26MAR1095PE,109500,PE,20260330,NSE,550,5
1148670,HDFCBANK,HDFCBANK26MAR1100CE,110000,CE,20260330,NSE,550,5
1148671,HDFCBANK,HDFCBANK26MAR1100PE,110000,PE,20260330,NSE,550,5
1213436,HDFCBANK,HDFCBANK26MAR1105CE,110500,CE,20260330,NSE,550,5
1213437,HDFCBANK,HDFCBANK26MAR1105PE,110500,PE,20260330,NSE,550,5
1148672,HDFCBANK,HDFCBANK26MAR1110CE,111000,CE,20260330,NSE,550,5
1148673,HDFCBANK,HDFCBANK26MAR1110PE,111000,PE,20260330,NSE,550,5
1234911,HDFCBANK,HDFCBANK26MAR1115CE,111500,CE,20260330,NSE,550,5
1234912,HDFCBANK,HDFCBANK26MAR1115PE,111500,PE,20260330,NSE,550,5
1148674,HDFCBANK,HDFCBANK26MAR1120CE,112000,CE,20260330,NSE,550,5
1148675,HDFCBANK,HDFCBANK26MAR1120PE,112000,PE,20260330,NSE,550,5
1250417,HDFCBANK,HDFCBANK26MAR1125CE,112500,CE,20260330,NSE,550,5
1250418,HDFCBANK,HDFCBANK26MAR1125PE,112500,PE,20260330,NSE,550,5
1148676,HDFCBANK,HDFCBANK26MAR1130CE,113000,CE,20260330,NSE,550,5
1148677,HDFCBANK,HDFCBANK26MAR1130PE,113000,PE,20260330,NSE,550,5
1148678,HDFCBANK,HDFCBANK26MAR1140CE,114000,CE,20260330,NSE,550,5
1148679,HDFCBANK,HDFCBANK26MAR1140PE,114000,PE,20260330,NSE,550,5
1148680,HDFCBANK,HDFCBANK26MAR1150CE,115000,CE,20260330,NSE,550,5
1148681,HDFCBANK,HDFCBANK26MAR1150PE,115000,PE,20260330,NSE,550,5
1148682,HDFCBANK,HDFCBANK26MAR1160CE,116000,CE,20260330,NSE,550,5
1148683,HDFCBANK,HDFCBANK26MAR1160PE,116000,PE,20260330,NSE,550,5
1148684,HDFCBANK,HDFCBANK26MAR1170CE,117000,CE,20260330,NSE,550,5
1148685,HDFCBANK,HDFCBANK26MAR1170PE,117000,PE,20260330,NSE,550,5
1148686,HDFCBANK,HDFCBANK26MAR1180CE,118000,CE,20260330,NSE,550,5
1148687,HDFCBANK,HDFCBANK26MAR1180PE,118000,PE,20260330,NSE,550,5
1213438,HDFCBANK,HDFCBANK26MAR1190CE,119000,CE,20260330,NSE,550,5
1213439,HDFCBANK,HDFCBANK26MAR1190PE,119000,PE,20260330,NSE,550,5
1148688,HDFCBANK,HDFCBANK26MAR1200CE,120000,CE,20260330,NSE,550,5
1148689,HDFCBANK,HDFCBANK26MAR1200PE,120000,PE,20260330,NSE,550,5
1213440,HDFCBANK,HDFCBANK26MAR1210CE,121000,CE,20260330,NSE,550,5
1213441,HDFCBANK,HDFCBANK26MAR1210PE,121000,PE,20260330,NSE,550,5
1148690,HDFCBANK,HDFCBANK26MAR1220CE,122000,CE,20260330,NSE,550,5
1148691,HDFCBANK,HDFCBANK26MAR1220PE,122000,PE,20260330,NSE,550,5
1213442,HDFCBANK,HDFCBANK26MAR1230CE,123000,CE,20260330,NSE,550,5
1213443,HDFCBANK,HDFCBANK26MAR1230PE,123000,PE,20260330,NSE,550,5
1148692,HDFCBANK,HDFCBANK26MAR1240CE,124000,CE,20260330,NSE,550,5
1148693,HDFCBANK,HDFCBANK26MAR1240PE,124000,PE,20260330,NSE,550,5
1213444,HDFCBANK,HDFCBANK26MAR1250CE,125000,CE,20260330,NSE,550,5
1213445,HDFCBANK,HDFCBANK26MAR1250PE,125000,PE,20260330,NSE,550,5
1148694,HDFCBANK,HDFCBANK26MAR1260CE,126000,CE,20260330,NSE,550,5
1148695,HDFCBANK,HDFCBANK26MAR1260PE,126000,PE,20260330,NSE,550,5
1213446,HDFCBANK,HDFCBANK26MAR1270CE,127000,CE,20260330,NSE,550,5
1213447,HDFCBANK,HDFCBANK26MAR1270PE,127000,PE,20260330,NSE,550,5
1148696,HDFCBANK,HDFCBANK26MAR1280CE,128000,CE,20260330,NSE,550,5
1148697,HDFCBANK,HDFCBANK26MAR1280PE,128000,PE,20260330,NSE,550,5
1213448,HDFCBANK,HDFCBANK26MAR1290CE,129000,CE,20260330,NSE,550,5
1213449,HDFCBANK,HDFCBANK26MAR1290PE,129000,PE,20260330,NSE,550,5
1148698,HDFCBANK,HDFCBANK26MAR1300CE,130000,CE,20260330,NSE,550,5
1148699,HDFCBANK,HDFCBANK26MAR1300PE,130000,PE,20260330,NSE,550,5
1250419,HDFCBANK,HDFCBANK26MAR1310CE,131000,CE,20260330,NSE,550,5
1250420,HDFCBANK,HDFCBANK26MAR1310PE,131000,PE,20260330,NSE,550,5
1213450,HDFCBANK,HDFCBANK26APR560CE,56000,CE,20260428,NSE,550,5
1213451,HDFCBANK,HDFCBANK26APR560PE,56000,PE,20260428,NSE,550,5
1213452,HDFCBANK,HDFCBANK26APR580CE,58000,CE,20260428,NSE,550,5
1213453,HDFCBANK,HDFCBANK26APR580PE,58000,PE,20260428,NSE,550,5
1213454,HDFCBANK,HDFCBANK26APR600CE,60000,CE,20260428,NSE,550,5
1213455,HDFCBANK,HDFCBANK26APR600PE,60000,PE,20260428,NSE,550,5
1213456,HDFCBANK,HDFCBANK26APR620CE,62000,CE,20260428,NSE,550,5
1213457,HDFCBANK,HDFCBANK26APR620PE,62000,PE,20260428,NSE,550,5
1213458,HDFCBANK,HDFCBANK26APR640CE,64000,CE,20260428,NSE,550,5
1213459,HDFCBANK,HDFCBANK26APR640PE,64000,PE,20260428,NSE,550,5
1213460,HDFCBANK,HDFCBANK26APR660CE,66000,CE,20260428,NSE,550,5
1213461,HDFCBANK,HDFCBANK26APR660PE,66000,PE,20260428,NSE,550,5
1213462,HDFCBANK,HDFCBANK26APR680CE,68000,CE,20260428,NSE,550,5
1213463,HDFCBANK,HDFCBANK26APR680PE,68000,PE,20260428,NSE,550,5
1213464,HDFCBANK,HDFCBANK26APR700CE,70000,CE,20260428,NSE,550,5
1213465,HDFCBANK,HDFCBANK26APR700PE,70000,PE,20260428,NSE,550,5
1213466,HDFCBANK,HDFCBANK26APR720CE,72000,CE,20260428,NSE,550,5
1213467,HDFCBANK,HDFCBANK26APR720PE,72000,PE,20260428,NSE,550,5
1213468,HDFCBANK,HDFCBANK26APR740CE,74000,CE,20260428,NSE,550,5
1213469,HDFCBANK,HDFCBANK26APR740PE,74000,PE,20260428,NSE,550,5
1213470,HDFCBANK,HDFCBANK26APR750CE,75000,CE,20260428,NSE,550,5
1213471,HDFCBANK,HDFCBANK26APR750PE,75000,PE,20260428,NSE,550,5
1213472,HDFCBANK,HDFCBANK26APR760CE,76000,CE,20260428,NSE,550,5
1213473,HDFCBANK,HDFCBANK26APR760PE,76000,PE,20260428,NSE,550,5
1213474,HDFCBANK,HDFCBANK26APR770CE,77000,CE,20260428,NSE,550,5
1213475,HDFCBANK,HDFCBANK26APR770PE,77000,PE,20260428,NSE,550,5
1213476,HDFCBANK,HDFCBANK26APR780CE,78000,CE,20260428,NSE,550,5
1213477,HDFCBANK,HDFCBANK26APR780PE,78000,PE,20260428,NSE,550,5
1213478,HDFCBANK,HDFCBANK26APR790CE,79000,CE,20260428,NSE,550,5
1213479,HDFCBANK,HDFCBANK26APR790PE,79000,PE,20260428,NSE,550,5
1213480,HDFCBANK,HDFCBANK26APR800CE,80000,CE,20260428,NSE,550,5
1213481,HDFCBANK,HDFCBANK26APR800PE,80000,PE,20260428,NSE,550,5
1213482,HDFCBANK,HDFCBANK26APR810CE,81000,CE,20260428,NSE,550,5
1213483,HDFCBANK,HDFCBANK26APR810PE,81000,PE,20260428,NSE,550,5
1213484,HDFCBANK,HDFCBANK26APR820CE,82000,CE,20260428,NSE,550,5
1213485,HDFCBANK,HDFCBANK26APR820PE,82000,PE,20260428,NSE,550,5
1213486,HDFCBANK,HDFCBANK26APR830CE,83000,CE,20260428,NSE,550,5
1213487,HDFCBANK,HDFCBANK26APR830PE,83000,PE,20260428,NSE,550,5
1213488,HDFCBANK,HDFCBANK26APR840CE,84000,CE,20260428,NSE,550,5
1213489,HDFCBANK,HDFCBANK26APR840PE,84000,PE,20260428,NSE,550,5
1213490,HDFCBANK,HDFCBANK26APR850CE,85000,CE,20260428,NSE,550,5
1213491,HDFCBANK,HDFCBANK26APR850PE,85000,PE,20260428,NSE,550,5
1213492,HDFCBANK,HDFCBANK26APR860CE,86000,CE,20260428,NSE,550,5
1213493,HDFCBANK,HDFCBANK26APR860PE,86000,PE,20260428,NSE,550,5
1213494,HDFCBANK,HDFCBANK26APR870CE,87000,CE,20260428,NSE,550,5
1213495,HDFCBANK,HDFCBANK26APR870PE,87000,PE,20260428,NSE,550,5
1213496,HDFCBANK,HDFCBANK26APR880CE,88000,CE,20260428,NSE,550,5
1213497,HDFCBANK,HDFCBANK26APR880PE,88000,PE,20260428,NSE,550,5
1213498,HDFCBANK,HDFCBANK26APR890CE,89000,CE,20260428,NSE,550,5
1213499,HDFCBANK,HDFCBANK26APR890PE,89000,PE,20260428,NSE,550,5
1213500,HDFCBANK,HDFCBANK26APR900CE,90000,CE,20260428,NSE,550,5
1213501,HDFCBANK,HDFCBANK26APR900PE,90000,PE,20260428,NSE,550,5
1213502,HDFCBANK,HDFCBANK26APR910CE,91000,CE,20260428,NSE,550,5
1213503,HDFCBANK,HDFCBANK26APR910PE,91000,PE,20260428,NSE,550,5
1213504,HDFCBANK,HDFCBANK26APR920CE,92000,CE,20260428,NSE,550,5
1213505,HDFCBANK,HDFCBANK26APR920PE,92000,PE,20260428,NSE,550,5
1213506,HDFCBANK,HDFCBANK26APR930CE,93000,CE,20260428,NSE,550,5
1213507,HDFCBANK,HDFCBANK26APR930PE,93000,PE,20260428,NSE,550,5
1213508,HDFCBANK,HDFCBANK26APR940CE,94000,CE,20260428,NSE,550,5
1213509,HDFCBANK,HDFCBANK26APR940PE,94000,PE,20260428,NSE,550,5
1213510,HDFCBANK,HDFCBANK26APR950CE,95000,CE,20260428,NSE,550,5
1213511,HDFCBANK,HDFCBANK26APR950PE,95000,PE,20260428,NSE,550,5
1213512,HDFCBANK,HDFCBANK26APR960CE,96000,CE,20260428,NSE,550,5
1213513,HDFCBANK,HDFCBANK26APR960PE,96000,PE,20260428,NSE,550,5
1213514,HDFCBANK,HDFCBANK26APR970CE,97000,CE,20260428,NSE,550,5
1213515,HDFCBANK,HDFCBANK26APR970PE,97000,PE,20260428,NSE,550,5
1213516,HDFCBANK,HDFCBANK26APR980CE,98000,CE,20260428,NSE,550,5
1213517,HDFCBANK,HDFCBANK26APR980PE,98000,PE,20260428,NSE,550,5
1213518,HDFCBANK,HDFCBANK26APR990CE,99000,CE,20260428,NSE,550,5
1213519,HDFCBANK,HDFCBANK26APR990PE,99000,PE,20260428,NSE,550,5
1213520,HDFCBANK,HDFCBANK26APR1000CE,100000,CE,20260428,NSE,550,5
1213521,HDFCBANK,HDFCBANK26APR1000PE,100000,PE,20260428,NSE,550,5
1213522,HDFCBANK,HDFCBANK26APR1010CE,101000,CE,20260428,NSE,550,5
1213523,HDFCBANK,HDFCBANK26APR1010PE,101000,PE,20260428,NSE,550,5
1213524,HDFCBANK,HDFCBANK26APR1020CE,102000,CE,20260428,NSE,550,5
1213525,HDFCBANK,HDFCBANK26APR1020PE,102000,PE,20260428,NSE,550,5
1213526,HDFCBANK,HDFCBANK26APR1030CE,103000,CE,20260428,NSE,550,5
1213527,HDFCBANK,HDFCBANK26APR1030PE,103000,PE,20260428,NSE,550,5
1213528,HDFCBANK,HDFCBANK26APR1040CE,104000,CE,20260428,NSE,550,5
1213529,HDFCBANK,HDFCBANK26APR1040PE,104000,PE,20260428,NSE,550,5
1213530,HDFCBANK,HDFCBANK26APR1050CE,105000,CE,20260428,NSE,550,5
1213531,HDFCBANK,HDFCBANK26APR1050PE,105000,PE,20260428,NSE,550,5
1213532,HDFCBANK,HDFCBANK26APR1060CE,106000,CE,20260428,NSE,550,5
1213533,HDFCBANK,HDFCBANK26APR1060PE,106000,PE,20260428,NSE,550,5
1213534,HDFCBANK,HDFCBANK26APR1070CE,107000,CE,20260428,NSE,550,5
1213535,HDFCBANK,HDFCBANK26APR1070PE,107000,PE,20260428,NSE,550,5
1213536,HDFCBANK,HDFCBANK26APR1080CE,108000,CE,20260428,NSE,550,5
1213537,HDFCBANK,HDFCBANK26APR1080PE,108000,PE,20260428,NSE,550,5
1213538,HDFCBANK,HDFCBANK26APR1090CE,109000,CE,20260428,NSE,550,5
1213539,HDFCBANK,HDFCBANK26APR1090PE,109000,PE,20260428,NSE,550,5
1213540,HDFCBANK,HDFCBANK26APR1100CE,110000,CE,20260428,NSE,550,5
1213541,HDFCBANK,HDFCBANK26APR1100PE,110000,PE,20260428,NSE,550,5
1213542,HDFCBANK,HDFCBANK26APR1110CE,111000,CE,20260428,NSE,550,5
1213543,HDFCBANK,HDFCBANK26APR1110PE,111000,PE,20260428,NSE,550,5
1213544,HDFCBANK,HDFCBANK26APR1120CE,112000,CE,20260428,NSE,550,5
1213545,HDFCBANK,HDFCBANK26APR1120PE,112000,PE,20260428,NSE,550,5
1250421,HDFCBANK,HDFCBANK26APR1130CE,113000,CE,20260428,NSE,550,5
1250422,HDFCBANK,HDFCBANK26APR1130PE,113000,PE,20260428,NSE,550,5
1213546,HDFCBANK,HDFCBANK26APR1140CE,114000,CE,20260428,NSE,550,5
1213547,HDFCBANK,HDFCBANK26APR1140PE,114000,PE,20260428,NSE,550,5
1213548,HDFCBANK,HDFCBANK26APR1160CE,116000,CE,20260428,NSE,550,5
1213549,HDFCBANK,HDFCBANK26APR1160PE,116000,PE,20260428,NSE,550,5
1213550,HDFCBANK,HDFCBANK26APR1180CE,118000,CE,20260428,NSE,550,5
1213551,HDFCBANK,HDFCBANK26APR1180PE,118000,PE,20260428,NSE,550,5
1213552,HDFCBANK,HDFCBANK26APR1200CE,120000,CE,20260428,NSE,550,5
1213553,HDFCBANK,HDFCBANK26APR1200PE,120000,PE,20260428,NSE,550,5
1213554,HDFCBANK,HDFCBANK26APR1220CE,122000,CE,20260428,NSE,550,5
1213555,HDFCBANK,HDFCBANK26APR1220PE,122000,PE,20260428,NSE,550,5
1213556,HDFCBANK,HDFCBANK26APR1240CE,124000,CE,20260428,NSE,550,5
1213557,HDFCBANK,HDFCBANK26APR1240PE,124000,PE,20260428,NSE,550,5
1213558,HDFCBANK,HDFCBANK26APR1260CE,126000,CE,20260428,NSE,550,5
1213559,HDFCBANK,HDFCBANK26APR1260PE,126000,PE,20260428,NSE,550,5
1213560,HDFCBANK,HDFCBANK26APR1280CE,128000,CE,20260428,NSE,550,5
1213561,HDFCBANK,HDFCBANK26APR1280PE,128000,PE,20260428,NSE,550,5
1234913,HDFCBANK,HDFCBANK26APR1300CE,130000,CE,20260428,NSE,550,5
1234914,HDFCBANK,HDFCBANK26APR1300PE,130000,PE,20260428,NSE,550,5
1247197,KOTAKBANK,KOTAKBANK26FEB225CE,22500,CE,20260224,NSE,2000,5
1247198,KOTAKBANK,KOTAKBANK26FEB225PE,22500,PE,20260224,NSE,2000,5
1218496,KOTAKBANK,KOTAKBANK26FEB230CE,23000,CE,20260224,NSE,2000,5
1218497,KOTAKBANK,KOTAKBANK26FEB230PE,23000,PE,20260224,NSE,2000,5
1218498,KOTAKBANK,KOTAKBANK26FEB235CE,23500,CE,20260224,NSE,2000,5
1218499,KOTAKBANK,KOTAKBANK26FEB235PE,23500,PE,20260224,NSE,2000,5
1188094,KOTAKBANK,KOTAKBANK26FEB240CE,24000,CE,20260224,NSE,2000,5
1188095,KOTAKBANK,KOTAKBANK26FEB240PE,24000,PE,20260224,NSE,2000,5
1190120,KOTAKBANK,KOTAKBANK26FEB245CE,24500,CE,20260224,NSE,2000,5
1190121,KOTAKBANK,KOTAKBANK26FEB245PE,24500,PE,20260224,NSE,2000,5
1190122,KOTAKBANK,KOTAKBANK26FEB250CE,25000,CE,20260224,NSE,2000,5
1190123,KOTAKBANK,KOTAKBANK26FEB250PE,25000,PE,20260224,NSE,2000,5
1190124,KOTAKBANK,KOTAKBANK26FEB255CE,25500,CE,20260224,NSE,2000,5
1190125,KOTAKBANK,KOTAKBANK26FEB255PE,25500,PE,20260224,NSE,2000,5
1190126,KOTAKBANK,KOTAKBANK26FEB260CE,26000,CE,20260224,NSE,2000,5
1190127,KOTAKBANK,KOTAKBANK26FEB260PE,26000,PE,20260224,NSE,2000,5
1190128,KOTAKBANK,KOTAKBANK26FEB265CE,26500,CE,20260224,NSE,2000,5
1190129,KOTAKBANK,KOTAKBANK26FEB265PE,26500,PE,20260224,NSE,2000,5
1190130,KOTAKBANK,KOTAKBANK26FEB270CE,27000,CE,20260224,NSE,2000,5
1190131,KOTAKBANK,KOTAKBANK26FEB270PE,27000,PE,20260224,NSE,2000,5
1190132,KOTAKBANK,KOTAKBANK26FEB275CE,27500,CE,20260224,NSE,2000,5
1190133,KOTAKBANK,KOTAKBANK26FEB275PE,27500,PE,20260224,NSE,2000,5
1188182,KOTAKBANK,KOTAKBANK26FEB280CE,28000,CE,20260224,NSE,2000,5
1188183,KOTAKBANK,KOTAKBANK26FEB280PE,28000,PE,20260224,NSE,2000,5
1190134,KOTAKBANK,KOTAKBANK26FEB285CE,28500,CE,20260224,NSE,2000,5
1190135,KOTAKBANK,KOTAKBANK26FEB285PE,28500,PE,20260224,NSE,2000,5
1190136,KOTAKBANK,KOTAKBANK26FEB290CE,29000,CE,20260224,NSE,2000,5
1190137,KOTAKBANK,KOTAKBANK26FEB290PE,29000,PE,20260224,NSE,2000,5
1190138,KOTAKBANK,KOTAKBANK26FEB295CE,29500,CE,20260224,NSE,2000,5
1190139,KOTAKBANK,KOTAKBANK26FEB295PE,29500,PE,20260224,NSE,2000,5
1188096,KOTAKBANK,KOTAKBANK26FEB300CE,30000,CE,20260224,NSE,2000,5
1188097,KOTAKBANK,KOTAKBANK26FEB300PE,30000,PE,20260224,NSE,2000,5
1190140,KOTAKBANK,KOTAKBANK26FEB305CE,30500,CE,20260224,NSE,2000,5
1190141,KOTAKBANK,KOTAKBANK26FEB305PE,30500,PE,20260224,NSE,2000,5
1190142,KOTAKBANK,KOTAKBANK26FEB310CE,31000,CE,20260224,NSE,2000,5
1190143,KOTAKBANK,KOTAKBANK26FEB310PE,31000,PE,20260224,NSE,2000,5
1190144,KOTAKBANK,KOTAKBANK26FEB315CE,31500,CE,20260224,NSE,2000,5
1190145,KOTAKBANK,KOTAKBANK26FEB315PE,31500,PE,20260224,NSE,2000,5
1218500,KOTAKBANK,KOTAKBANK26FEB317.5CE,31750,CE,20260224,NSE,2000,5
1218501,KOTAKBANK,KOTAKBANK26FEB317.5PE,31750,PE,20260224,NSE,2000,5
1188112,KOTAKBANK,KOTAKBANK26FEB320CE,32000,CE,20260224,NSE,2000,5
1188113,KOTAKBANK,KOTAKBANK26FEB320PE,32000,PE,20260224,NSE,2000,5
1218502,KOTAKBANK,KOTAKBANK26FEB322.5CE,32250,CE,20260224,NSE,2000,5
1218503,KOTAKBANK,KOTAKBANK26FEB322.5PE,32250,PE,20260224,NSE,2000,5
1190146,KOTAKBANK,KOTAKBANK26FEB325CE,32500,CE,20260224,NSE,2000,5
1190147,KOTAKBANK,KOTAKBANK26FEB325PE,32500,PE,20260224,NSE,2000,5
1190837,KOTAKBANK,KOTAKBANK26FEB327.5CE,32750,CE,20260224,NSE,2000,5
1190838,KOTAKBANK,KOTAKBANK26FEB327.5PE,32750,PE,20260224,NSE,2000,5
1190148,KOTAKBANK,KOTAKBANK26FEB330CE,33000,CE,20260224,NSE,2000,5
1190149,KOTAKBANK,KOTAKBANK26FEB330PE,33000,PE,20260224,NSE,2000,5
1190150,KOTAKBANK,KOTAKBANK26FEB332.5CE,33250,CE,20260224,NSE,2000,5
1190151,KOTAKBANK,KOTAKBANK26FEB332.5PE,33250,PE,20260224,NSE,2000,5
1190152,KOTAKBANK,KOTAKBANK26FEB335CE,33500,CE,20260224,NSE,2000,5
1190153,KOTAKBANK,KOTAKBANK26FEB335PE,33500,PE,20260224,NSE,2000,5
1190154,KOTAKBANK,KOTAKBANK26FEB337.5CE,33750,CE,20260224,NSE,2000,5
1190155,KOTAKBANK,KOTAKBANK26FEB337.5PE,33750,PE,20260224,NSE,2000,5
1188194,KOTAKBANK,KOTAKBANK26FEB340CE,34000,CE,20260224,NSE,2000,5
1188195,KOTAKBANK,KOTAKBANK26FEB340PE,34000,PE,20260224,NSE,2000,5
1190156,KOTAKBANK,KOTAKBANK26FEB342.5CE,34250,CE,20260224,NSE,2000,5
1190157,KOTAKBANK,KOTAKBANK26FEB342.5PE,34250,PE,20260224,NSE,2000,5
1190158,KOTAKBANK,KOTAKBANK26FEB345CE,34500,CE,20260224,NSE,2000,5
1190159,KOTAKBANK,KOTAKBANK26FEB345PE,34500,PE,20260224,NSE,2000,5
1190160,KOTAKBANK,KOTAKBANK26FEB347.5CE,34750,CE,20260224,NSE,2000,5
1190161,KOTAKBANK,KOTAKBANK26FEB347.5PE,34750,PE,20260224,NSE,2000,5
1190162,KOTAKBANK,KOTAKBANK26FEB350CE,35000,CE,20260224,NSE,2000,5
1190163,KOTAKBANK,KOTAKBANK26FEB350PE,35000,PE,20260224,NSE,2000,5
1190164,KOTAKBANK,KOTAKBANK26FEB352.5CE,35250,CE,20260224,NSE,2000,5
1190165,KOTAKBANK,KOTAKBANK26FEB352.5PE,35250,PE,20260224,NSE,2000,5
1190166,KOTAKBANK,KOTAKBANK26FEB355CE,35500,CE,20260224,NSE,2000,5
1190167,KOTAKBANK,KOTAKBANK26FEB355PE,35500,PE,20260224,NSE,2000,5
1190168,KOTAKBANK,KOTAKBANK26FEB357.5CE,35750,CE,20260224,NSE,2000,5
1190169,KOTAKBANK,KOTAKBANK26FEB357.5PE,35750,PE,20260224,NSE,2000,5
1188122,KOTAKBANK,KOTAKBANK26FEB360CE,36000,CE,20260224,NSE,2000,5
1188123,KOTAKBANK,KOTAKBANK26FEB360PE,36000,PE,20260224,NSE,2000,5
1190170,KOTAKBANK,KOTAKBANK26FEB362.5CE,36250,CE,20260224,NSE,2000,5
1190171,KOTAKBANK,KOTAKBANK26FEB362.5PE,36250,PE,20260224,NSE,2000,5
1190172,KOTAKBANK,KOTAKBANK26FEB365CE,36500,CE,20260224,NSE,2000,5
1190173,KOTAKBANK,KOTAKBANK26FEB365PE,36500,PE,20260224,NSE,2000,5
1190174,KOTAKBANK,KOTAKBANK26FEB367.5CE,36750,CE,20260224,NSE,2000,5
1190175,KOTAKBANK,KOTAKBANK26FEB367.5PE,36750,PE,20260224,NSE,2000,5
1188125,KOTAKBANK,KOTAKBANK26FEB368PE,36800,PE,20260224,NSE,2000,5
1190176,KOTAKBANK,KOTAKBANK26FEB370CE,37000,CE,20260224,NSE,2000,5
1190177,KOTAKBANK,KOTAKBANK26FEB370PE,37000,PE,20260224,NSE,2000,5
1190178,KOTAKBANK,KOTAKBANK26FEB372.5CE,37250,CE,20260224,NSE,2000,5
1190179,KOTAKBANK,KOTAKBANK26FEB372.5PE,37250,PE,20260224,NSE,2000,5
1190180,KOTAKBANK,KOTAKBANK26FEB375CE,37500,CE,20260224,NSE,2000,5
1190181,KOTAKBANK,KOTAKBANK26FEB375PE,37500,PE,20260224,NSE,2000,5
1188126,KOTAKBANK,KOTAKBANK26FEB376CE,37600,CE,20260224,NSE,2000,5
1188127,KOTAKBANK,KOTAKBANK26FEB376PE,37600,PE,20260224,NSE,2000,5
1190182,KOTAKBANK,KOTAKBANK26FEB377.5CE,37750,CE,20260224,NSE,2000,5
1190183,KOTAKBANK,KOTAKBANK26FEB377.5PE,37750,PE,20260224,NSE,2000,5
1188204,KOTAKBANK,KOTAKBANK26FEB380CE,38000,CE,20260224,NSE,2000,5
1188205,KOTAKBANK,KOTAKBANK26FEB380PE,38000,PE,20260224,NSE,2000,5
1190184,KOTAKBANK,KOTAKBANK26FEB382.5CE,38250,CE,20260224,NSE,2000,5
1190185,KOTAKBANK,KOTAKBANK26FEB382.5PE,38250,PE,20260224,NSE,2000,5
1188128,KOTAKBANK,KOTAKBANK26FEB384CE,38400,CE,20260224,NSE,2000,5
1188129,KOTAKBANK,KOTAKBANK26FEB384PE,38400,PE,20260224,NSE,2000,5
1190186,KOTAKBANK,KOTAKBANK26FEB385CE,38500,CE,20260224,NSE,2000,5
1190187,KOTAKBANK,KOTAKBANK26FEB385PE,38500,PE,20260224,NSE,2000,5
1190188,KOTAKBANK,KOTAKBANK26FEB387.5CE,38750,CE,20260224,NSE,2000,5
1190189,KOTAKBANK,KOTAKBANK26FEB387.5PE,38750,PE,20260224,NSE,2000,5
1188206,KOTAKBANK,KOTAKBANK26FEB388CE,38800,CE,20260224,NSE,2000,5
1188207,KOTAKBANK,KOTAKBANK26FEB388PE,38800,PE,20260224,NSE,2000,5
1190190,KOTAKBANK,KOTAKBANK26FEB390CE,39000,CE,20260224,NSE,2000,5
1190191,KOTAKBANK,KOTAKBANK26FEB390PE,39000,PE,20260224,NSE,2000,5
1188130,KOTAKBANK,KOTAKBANK26FEB392CE,39200,CE,20260224,NSE,2000,5
1188131,KOTAKBANK,KOTAKBANK26FEB392PE,39200,PE,20260224,NSE,2000,5
1190192,KOTAKBANK,KOTAKBANK26FEB392.5CE,39250,CE,20260224,NSE,2000,5
1190193,KOTAKBANK,KOTAKBANK26FEB392.5PE,39250,PE,20260224,NSE,2000,5
1190194,KOTAKBANK,KOTAKBANK26FEB395CE,39500,CE,20260224,NSE,2000,5
1190195,KOTAKBANK,KOTAKBANK26FEB395PE,39500,PE,20260224,NSE,2000,5
1188209,KOTAKBANK,KOTAKBANK26FEB396PE,39600,PE,20260224,NSE,2000,5
1190196,KOTAKBANK,KOTAKBANK26FEB397.5CE,39750,CE,20260224,NSE,2000,5
1190197,KOTAKBANK,KOTAKBANK26FEB397.5PE,39750,PE,20260224,NSE,2000,5
1188132,KOTAKBANK,KOTAKBANK26FEB400CE,40000,CE,20260224,NSE,2000,5
1188133,KOTAKBANK,KOTAKBANK26FEB400PE,40000,PE,20260224,NSE,2000,5
1190198,KOTAKBANK,KOTAKBANK26FEB402.5CE,40250,CE,20260224,NSE,2000,5
1190199,KOTAKBANK,KOTAKBANK26FEB402.5PE,40250,PE,20260224,NSE,2000,5
1188210,KOTAKBANK,KOTAKBANK26FEB404CE,40400,CE,20260224,NSE,2000,5
1188211,KOTAKBANK,KOTAKBANK26FEB404PE,40400,PE,20260224,NSE,2000,5
1190200,KOTAKBANK,KOTAKBANK26FEB405CE,40500,CE,20260224,NSE,2000,5
1190201,KOTAKBANK,KOTAKBANK26FEB405PE,40500,PE,20260224,NSE,2000,5
1190202,KOTAKBANK,KOTAKBANK26FEB407.5CE,40750,CE,20260224,NSE,2000,5
1190203,KOTAKBANK,KOTAKBANK26FEB407.5PE,40750,PE,20260224,NSE,2000,5
1188134,KOTAKBANK,KOTAKBANK26FEB408CE,40800,CE,20260224,NSE,2000,5
1188135,KOTAKBANK,KOTAKBANK26FEB408PE,40800,PE,20260224,NSE,2000,5
1190204,KOTAKBANK,KOTAKBANK26FEB410CE,41000,CE,20260224,NSE,2000,5
1190205,KOTAKBANK,KOTAKBANK26FEB410PE,41000,PE,20260224,NSE,2000,5
1188212,KOTAKBANK,KOTAKBANK26FEB412CE,41200,CE,20260224,NSE,2000,5
1188213,KOTAKBANK,KOTAKBANK26FEB412PE,41200,PE,20260224,NSE,2000,5
1190206,KOTAKBANK,KOTAKBANK26FEB412.5CE,41250,CE,20260224,NSE,2000,5
1190207,KOTAKBANK,KOTAKBANK26FEB412.5PE,41250,PE,20260224,NSE,2000,5
1190208,KOTAKBANK,KOTAKBANK26FEB415CE,41500,CE,20260224,NSE,2000,5
1190209,KOTAKBANK,KOTAKBANK26FEB415PE,41500,PE,20260224,NSE,2000,5
1188136,KOTAKBANK,KOTAKBANK26FEB416CE,41600,CE,20260224,NSE,2000,5
1188137,KOTAKBANK,KOTAKBANK26FEB416PE,41600,PE,20260224,NSE,2000,5
1190210,KOTAKBANK,KOTAKBANK26FEB417.5CE,41750,CE,20260224,NSE,2000,5
1190211,KOTAKBANK,KOTAKBANK26FEB417.5PE,41750,PE,20260224,NSE,2000,5
1188214,KOTAKBANK,KOTAKBANK26FEB420CE,42000,CE,20260224,NSE,2000,5
1188215,KOTAKBANK,KOTAKBANK26FEB420PE,42000,PE,20260224,NSE,2000,5
1190212,KOTAKBANK,KOTAKBANK26FEB422.5CE,42250,CE,20260224,NSE,2000,5
1190213,KOTAKBANK,KOTAKBANK26FEB422.5PE,42250,PE,20260224,NSE,2000,5
1188138,KOTAKBANK,KOTAKBANK26FEB424CE,42400,CE,20260224,NSE,2000,5
1188139,KOTAKBANK,KOTAKBANK26FEB424PE,42400,PE,20260224,NSE,2000,5
1190214,KOTAKBANK,KOTAKBANK26FEB425CE,42500,CE,20260224,NSE,2000,5
1190215,KOTAKBANK,KOTAKBANK26FEB425PE,42500,PE,20260224,NSE,2000,5
1190216,KOTAKBANK,KOTAKBANK26FEB427.5CE,42750,CE,20260224,NSE,2000,5
1190217,KOTAKBANK,KOTAKBANK26FEB427.5PE,42750,PE,20260224,NSE,2000,5
1188216,KOTAKBANK,KOTAKBANK26FEB428CE,42800,CE,20260224,NSE,2000,5
1188217,KOTAKBANK,KOTAKBANK26FEB428PE,42800,PE,20260224,NSE,2000,5
1190218,KOTAKBANK,KOTAKBANK26FEB430CE,43000,CE,20260224,NSE,2000,5
1190219,KOTAKBANK,KOTAKBANK26FEB430PE,43000,PE,20260224,NSE,2000,5
1188140,KOTAKBANK,KOTAKBANK26FEB432CE,43200,CE,20260224,NSE,2000,5
1188141,KOTAKBANK,KOTAKBANK26FEB432PE,43200,PE,20260224,NSE,2000,5
1190220,KOTAKBANK,KOTAKBANK26FEB432.5CE,43250,CE,20260224,NSE,2000,5
1190221,KOTAKBANK,KOTAKBANK26FEB432.5PE,43250,PE,20260224,NSE,2000,5
1190222,KOTAKBANK,KOTAKBANK26FEB435CE,43500,CE,20260224,NSE,2000,5
1190223,KOTAKBANK,KOTAKBANK26FEB435PE,43500,PE,20260224,NSE,2000,5
1188218,KOTAKBANK,KOTAKBANK26FEB436CE,43600,CE,20260224,NSE,2000,5
1188219,KOTAKBANK,KOTAKBANK26FEB436PE,43600,PE,20260224,NSE,2000,5
1190224,KOTAKBANK,KOTAKBANK26FEB437.5CE,43750,CE,20260224,NSE,2000,5
1190225,KOTAKBANK,KOTAKBANK26FEB437.5PE,43750,PE,20260224,NSE,2000,5
1188142,KOTAKBANK,KOTAKBANK26FEB440CE,44000,CE,20260224,NSE,2000,5
1188143,KOTAKBANK,KOTAKBANK26FEB440PE,44000,PE,20260224,NSE,2000,5
1190226,KOTAKBANK,KOTAKBANK26FEB442.5CE,44250,CE,20260224,NSE,2000,5
1190227,KOTAKBANK,KOTAKBANK26FEB442.5PE,44250,PE,20260224,NSE,2000,5
1188220,KOTAKBANK,KOTAKBANK26FEB444CE,44400,CE,20260224,NSE,2000,5
1190228,KOTAKBANK,KOTAKBANK26FEB445CE,44500,CE,20260224,NSE,2000,5
1190229,KOTAKBANK,KOTAKBANK26FEB445PE,44500,PE,20260224,NSE,2000,5
1190230,KOTAKBANK,KOTAKBANK26FEB447.5CE,44750,CE,20260224,NSE,2000,5
1190231,KOTAKBANK,KOTAKBANK26FEB447.5PE,44750,PE,20260224,NSE,2000,5
1188144,KOTAKBANK,KOTAKBANK26FEB448CE,44800,CE,20260224,NSE,2000,5
1188145,KOTAKBANK,KOTAKBANK26FEB448PE,44800,PE,20260224,NSE,2000,5
1190232,KOTAKBANK,KOTAKBANK26FEB450CE,45000,CE,20260224,NSE,2000,5
1190233,KOTAKBANK,KOTAKBANK26FEB450PE,45000,PE,20260224,NSE,2000,5
1188222,KOTAKBANK,KOTAKBANK26FEB452CE,45200,CE,20260224,NSE,2000,5
1190234,KOTAKBANK,KOTAKBANK26FEB452.5CE,45250,CE,20260224,NSE,2000,5
1190235,KOTAKBANK,KOTAKBANK26FEB452.5PE,45250,PE,20260224,NSE,2000,5
1190236,KOTAKBANK,KOTAKBANK26FEB455CE,45500,CE,20260224,NSE,2000,5
1190237,KOTAKBANK,KOTAKBANK26FEB455PE,45500,PE,20260224,NSE,2000,5
1188146,KOTAKBANK,KOTAKBANK26FEB456CE,45600,CE,20260224,NSE,2000,5
1188147,KOTAKBANK,KOTAKBANK26FEB456PE,45600,PE,20260224,NSE,2000,5
1190238,KOTAKBANK,KOTAKBANK26FEB457.5CE,45750,CE,20260224,NSE,2000,5
1190239,KOTAKBANK,KOTAKBANK26FEB457.5PE,45750,PE,20260224,NSE,2000,5
1188224,KOTAKBANK,KOTAKBANK26FEB460CE,46000,CE,20260224,NSE,2000,5
1188225,KOTAKBANK,KOTAKBANK26FEB460PE,46000,PE,20260224,NSE,2000,5
1190240,KOTAKBANK,KOTAKBANK26FEB462.5CE,46250,CE,20260224,NSE,2000,5
1190241,KOTAKBANK,KOTAKBANK26FEB462.5PE,46250,PE,20260224,NSE,2000,5
1188148,KOTAKBANK,KOTAKBANK26FEB464CE,46400,CE,20260224,NSE,2000,5
1190242,KOTAKBANK,KOTAKBANK26FEB465CE,46500,CE,20260224,NSE,2000,5
1190243,KOTAKBANK,KOTAKBANK26FEB465PE,46500,PE,20260224,NSE,2000,5
1190244,KOTAKBANK,KOTAKBANK26FEB467.5CE,46750,CE,20260224,NSE,2000,5
1190245,KOTAKBANK,KOTAKBANK26FEB467.5PE,46750,PE,20260224,NSE,2000,5
1188226,KOTAKBANK,KOTAKBANK26FEB468CE,46800,CE,20260224,NSE,2000,5
1190246,KOTAKBANK,KOTAKBANK26FEB470CE,47000,CE,20260224,NSE,2000,5
1190247,KOTAKBANK,KOTAKBANK26FEB470PE,47000,PE,20260224,NSE,2000,5
1190248,KOTAKBANK,KOTAKBANK26FEB472.5CE,47250,CE,20260224,NSE,2000,5
1190249,KOTAKBANK,KOTAKBANK26FEB472.5PE,47250,PE,20260224,NSE,2000,5
1190250,KOTAKBANK,KOTAKBANK26FEB475CE,47500,CE,20260224,NSE,2000,5
1190251,KOTAKBANK,KOTAKBANK26FEB475PE,47500,PE,20260224,NSE,2000,5
1188228,KOTAKBANK,KOTAKBANK26FEB476CE,47600,CE,20260224,NSE,2000,5
1190252,KOTAKBANK,KOTAKBANK26FEB477.5CE,47750,CE,20260224,NSE,2000,5
1190253,KOTAKBANK,KOTAKBANK26FEB477.5PE,47750,PE,20260224,NSE,2000,5
1188152,KOTAKBANK,KOTAKBANK26FEB480CE,48000,CE,20260224,NSE,2000,5
1188153,KOTAKBANK,KOTAKBANK26FEB480PE,48000,PE,20260224,NSE,2000,5
1190254,KOTAKBANK,KOTAKBANK26FEB482.5CE,48250,CE,20260224,NSE,2000,5
1190255,KOTAKBANK,KOTAKBANK26FEB482.5PE,48250,PE,20260224,NSE,2000,5
1188230,KOTAKBANK,KOTAKBANK26FEB484CE,48400,CE,20260224,NSE,2000,5
1190256,KOTAKBANK,KOTAKBANK26FEB485CE,48500,CE,20260224,NSE,2000,5
1190257,KOTAKBANK,KOTAKBANK26FEB485PE,48500,PE,20260224,NSE,2000,5
1190258,KOTAKBANK,KOTAKBANK26FEB487.5CE,48750,CE,20260224,NSE,2000,5
1190259,KOTAKBANK,KOTAKBANK26FEB487.5PE,48750,PE,20260224,NSE,2000,5
1188154,KOTAKBANK,KOTAKBANK26FEB488CE,48800,CE,20260224,NSE,2000,5
1190260,KOTAKBANK,KOTAKBANK26FEB490CE,49000,CE,20260224,NSE,2000,5
1190261,KOTAKBANK,KOTAKBANK26FEB490PE,49000,PE,20260224,NSE,2000,5
1190262,KOTAKBANK,KOTAKBANK26FEB492.5CE,49250,CE,20260224,NSE,2000,5
1190263,KOTAKBANK,KOTAKBANK26FEB492.5PE,49250,PE,20260224,NSE,2000,5
1190264,KOTAKBANK,KOTAKBANK26FEB495CE,49500,CE,20260224,NSE,2000,5
1190265,KOTAKBANK,KOTAKBANK26FEB495PE,49500,PE,20260224,NSE,2000,5
1188156,KOTAKBANK,KOTAKBANK26FEB496CE,49600,CE,20260224,NSE,2000,5
1190266,KOTAKBANK,KOTAKBANK26FEB497.5CE,49750,CE,20260224,NSE,2000,5
1190267,KOTAKBANK,KOTAKBANK26FEB497.5PE,49750,PE,20260224,NSE,2000,5
1188234,KOTAKBANK,KOTAKBANK26FEB500CE,50000,CE,20260224,NSE,2000,5
1188235,KOTAKBANK,KOTAKBANK26FEB500PE,50000,PE,20260224,NSE,2000,5
1190268,KOTAKBANK,KOTAKBANK26FEB502.5CE,50250,CE,20260224,NSE,2000,5
1190269,KOTAKBANK,KOTAKBANK26FEB502.5PE,50250,PE,20260224,NSE,2000,5
1190270,KOTAKBANK,KOTAKBANK26FEB505CE,50500,CE,20260224,NSE,2000,5
1190271,KOTAKBANK,KOTAKBANK26FEB505PE,50500,PE,20260224,NSE,2000,5
1190274,KOTAKBANK,KOTAKBANK26FEB510CE,51000,CE,20260224,NSE,2000,5
1190275,KOTAKBANK,KOTAKBANK26FEB510PE,51000,PE,20260224,NSE,2000,5
1190276,KOTAKBANK,KOTAKBANK26FEB515CE,51500,CE,20260224,NSE,2000,5
1190277,KOTAKBANK,KOTAKBANK26FEB515PE,51500,PE,20260224,NSE,2000,5
1188162,KOTAKBANK,KOTAKBANK26FEB520CE,52000,CE,20260224,NSE,2000,5
1188163,KOTAKBANK,KOTAKBANK26FEB520PE,52000,PE,20260224,NSE,2000,5
1190278,KOTAKBANK,KOTAKBANK26FEB525CE,52500,CE,20260224,NSE,2000,5
1190279,KOTAKBANK,KOTAKBANK26FEB525PE,52500,PE,20260224,NSE,2000,5
1190280,KOTAKBANK,KOTAKBANK26FEB530CE,53000,CE,20260224,NSE,2000,5
1190281,KOTAKBANK,KOTAKBANK26FEB530PE,53000,PE,20260224,NSE,2000,5
1190282,KOTAKBANK,KOTAKBANK26FEB535CE,53500,CE,20260224,NSE,2000,5
1190283,KOTAKBANK,KOTAKBANK26FEB535PE,53500,PE,20260224,NSE,2000,5
1188244,KOTAKBANK,KOTAKBANK26FEB540CE,54000,CE,20260224,NSE,2000,5
1188245,KOTAKBANK,KOTAKBANK26FEB540PE,54000,PE,20260224,NSE,2000,5
1190284,KOTAKBANK,KOTAKBANK26FEB545CE,54500,CE,20260224,NSE,2000,5
1190285,KOTAKBANK,KOTAKBANK26FEB545PE,54500,PE,20260224,NSE,2000,5
1190286,KOTAKBANK,KOTAKBANK26FEB550CE,55000,CE,20260224,NSE,2000,5
1190287,KOTAKBANK,KOTAKBANK26FEB550PE,55000,PE,20260224,NSE,2000,5
1190288,KOTAKBANK,KOTAKBANK26FEB555CE,55500,CE,20260224,NSE,2000,5
1190289,KOTAKBANK,KOTAKBANK26FEB555PE,55500,PE,20260224,NSE,2000,5
1188170,KOTAKBANK,KOTAKBANK26FEB560CE,56000,CE,20260224,NSE,2000,5
1188171,KOTAKBANK,KOTAKBANK26FEB560PE,56000,PE,20260224,NSE,2000,5
1190290,KOTAKBANK,KOTAKBANK26FEB565CE,56500,CE,20260224,NSE,2000,5
1190291,KOTAKBANK,KOTAKBANK26FEB565PE,56500,PE,20260224,NSE,2000,5
1190292,KOTAKBANK,KOTAKBANK26FEB570CE,57000,CE,20260224,NSE,2000,5
1190293,KOTAKBANK,KOTAKBANK26FEB570PE,57000,PE,20260224,NSE,2000,5
1190294,KOTAKBANK,KOTAKBANK26FEB575CE,57500,CE,20260224,NSE,2000,5
1190295,KOTAKBANK,KOTAKBANK26FEB575PE,57500,PE,20260224,NSE,2000,5
1190296,KOTAKBANK,KOTAKBANK26FEB580CE,58000,CE,20260224,NSE,2000,5
1190297,KOTAKBANK,KOTAKBANK26FEB580PE,58000,PE,20260224,NSE,2000,5
1190298,KOTAKBANK,KOTAKBANK26FEB585CE,58500,CE,20260224,NSE,2000,5
1190299,KOTAKBANK,KOTAKBANK26FEB585PE,58500,PE,20260224,NSE,2000,5
1190300,KOTAKBANK,KOTAKBANK26FEB590CE,59000,CE,20260224,NSE,2000,5
1190301,KOTAKBANK,KOTAKBANK26FEB590PE,59000,PE,20260224,NSE,2000,5
1190302,KOTAKBANK,KOTAKBANK26FEB595CE,59500,CE,20260224,NSE,2000,5
1190303,KOTAKBANK,KOTAKBANK26FEB595PE,59500,PE,20260224,NSE,2000,5
1247199,KOTAKBANK,KOTAKBANK26MAR225CE,22500,CE,20260330,NSE,2000,5
1247200,KOTAKBANK,KOTAKBANK26MAR225PE,22500,PE,20260330,NSE,2000,5
1218504,KOTAKBANK,KOTAKBANK26MAR230CE,23000,CE,20260330,NSE,2000,5
1218505,KOTAKBANK,KOTAKBANK26MAR230PE,23000,PE,20260330,NSE,2000,5
1218506,KOTAKBANK,KOTAKBANK26MAR235CE,23500,CE,20260330,NSE,2000,5
1218507,KOTAKBANK,KOTAKBANK26MAR235PE,23500,PE,20260330,NSE,2000,5
1188262,KOTAKBANK,KOTAKBANK26MAR240CE,24000,CE,20260330,NSE,2000,5
1188263,KOTAKBANK,KOTAKBANK26MAR240PE,24000,PE,20260330,NSE,2000,5
1218508,KOTAKBANK,KOTAKBANK26MAR245CE,24500,CE,20260330,NSE,2000,5
1218509,KOTAKBANK,KOTAKBANK26MAR245PE,24500,PE,20260330,NSE,2000,5
1190304,KOTAKBANK,KOTAKBANK26MAR250CE,25000,CE,20260330,NSE,2000,5
1190305,KOTAKBANK,KOTAKBANK26MAR250PE,25000,PE,20260330,NSE,2000,5
1218510,KOTAKBANK,KOTAKBANK26MAR255CE,25500,CE,20260330,NSE,2000,5
1218511,KOTAKBANK,KOTAKBANK26MAR255PE,25500,PE,20260330,NSE,2000,5
1190306,KOTAKBANK,KOTAKBANK26MAR260CE,26000,CE,20260330,NSE,2000,5
1190307,KOTAKBANK,KOTAKBANK26MAR260PE,26000,PE,20260330,NSE,2000,5
1218512,KOTAKBANK,KOTAKBANK26MAR265CE,26500,CE,20260330,NSE,2000,5
1218513,KOTAKBANK,KOTAKBANK26MAR265PE,26500,PE,20260330,NSE,2000,5
1190308,KOTAKBANK,KOTAKBANK26MAR270CE,27000,CE,20260330,NSE,2000,5
1190309,KOTAKBANK,KOTAKBANK26MAR270PE,27000,PE,20260330,NSE,2000,5
1218514,KOTAKBANK,KOTAKBANK26MAR275CE,27500,CE,20260330,NSE,2000,5
1218515,KOTAKBANK,KOTAKBANK26MAR275PE,27500,PE,20260330,NSE,2000,5
1190310,KOTAKBANK,KOTAKBANK26MAR280CE,28000,CE,20260330,NSE,2000,5
1190311,KOTAKBANK,KOTAKBANK26MAR280PE,28000,PE,20260330,NSE,2000,5
1218516,KOTAKBANK,KOTAKBANK26MAR285CE,28500,CE,20260330,NSE,2000,5
1218517,KOTAKBANK,KOTAKBANK26MAR285PE,28500,PE,20260330,NSE,2000,5
1190312,KOTAKBANK,KOTAKBANK26MAR290CE,29000,CE,20260330,NSE,2000,5
1190313,KOTAKBANK,KOTAKBANK26MAR290PE,29000,PE,20260330,NSE,2000,5
1218518,KOTAKBANK,KOTAKBANK26MAR295CE,29500,CE,20260330,NSE,2000,5
1218519,KOTAKBANK,KOTAKBANK26MAR295PE,29500,PE,20260330,NSE,2000,5
1190314,KOTAKBANK,KOTAKBANK26MAR300CE,30000,CE,20260330,NSE,2000,5
1190315,KOTAKBANK,KOTAKBANK26MAR300PE,30000,PE,20260330,NSE,2000,5
1218520,KOTAKBANK,KOTAKBANK26MAR305CE,30500,CE,20260330,NSE,2000,5
1218521,KOTAKBANK,KOTAKBANK26MAR305PE,30500,PE,20260330,NSE,2000,5
1190316,KOTAKBANK,KOTAKBANK26MAR310CE,31000,CE,20260330,NSE,2000,5
1190317,KOTAKBANK,KOTAKBANK26MAR310PE,31000,PE,20260330,NSE,2000,5
1218522,KOTAKBANK,KOTAKBANK26MAR315CE,31500,CE,20260330,NSE,2000,5
1218523,KOTAKBANK,KOTAKBANK26MAR315PE,31500,PE,20260330,NSE,2000,5
1218524,KOTAKBANK,KOTAKBANK26MAR317.5CE,31750,CE,20260330,NSE,2000,5
1218525,KOTAKBANK,KOTAKBANK26MAR317.5PE,31750,PE,20260330,NSE,2000,5
1188274,KOTAKBANK,KOTAKBANK26MAR320CE,32000,CE,20260330,NSE,2000,5
1188275,KOTAKBANK,KOTAKBANK26MAR320PE,32000,PE,20260330,NSE,2000,5
1218526,KOTAKBANK,KOTAKBANK26MAR322.5CE,32250,CE,20260330,NSE,2000,5
1218527,KOTAKBANK,KOTAKBANK26MAR322.5PE,32250,PE,20260330,NSE,2000,5
1218528,KOTAKBANK,KOTAKBANK26MAR325CE,32500,CE,20260330,NSE,2000,5
1218529,KOTAKBANK,KOTAKBANK26MAR325PE,32500,PE,20260330,NSE,2000,5
1218530,KOTAKBANK,KOTAKBANK26MAR327.5CE,32750,CE,20260330,NSE,2000,5
1218531,KOTAKBANK,KOTAKBANK26MAR327.5PE,32750,PE,20260330,NSE,2000,5
1190318,KOTAKBANK,KOTAKBANK26MAR330CE,33000,CE,20260330,NSE,2000,5
1190319,KOTAKBANK,KOTAKBANK26MAR330PE,33000,PE,20260330,NSE,2000,5
1218532,KOTAKBANK,KOTAKBANK26MAR332.5CE,33250,CE,20260330,NSE,2000,5
1218533,KOTAKBANK,KOTAKBANK26MAR332.5PE,33250,PE,20260330,NSE,2000,5
1190320,KOTAKBANK,KOTAKBANK26MAR335CE,33500,CE,20260330,NSE,2000,5
1190321,KOTAKBANK,KOTAKBANK26MAR335PE,33500,PE,20260330,NSE,2000,5
1218534,KOTAKBANK,KOTAKBANK26MAR337.5CE,33750,CE,20260330,NSE,2000,5
1218535,KOTAKBANK,KOTAKBANK26MAR337.5PE,33750,PE,20260330,NSE,2000,5
1190322,KOTAKBANK,KOTAKBANK26MAR340CE,34000,CE,20260330,NSE,2000,5
1190323,KOTAKBANK,KOTAKBANK26MAR340PE,34000,PE,20260330,NSE,2000,5
1218536,KOTAKBANK,KOTAKBANK26MAR342.5CE,34250,CE,20260330,NSE,2000,5
1218537,KOTAKBANK,KOTAKBANK26MAR342.5PE,34250,PE,20260330,NSE,2000,5
1190324,KOTAKBANK,KOTAKBANK26MAR345CE,34500,CE,20260330,NSE,2000,5
1190325,KOTAKBANK,KOTAKBANK26MAR345PE,34500,PE,20260330,NSE,2000,5
1218538,KOTAKBANK,KOTAKBANK26MAR347.5CE,34750,CE,20260330,NSE,2000,5
1218539,KOTAKBANK,KOTAKBANK26MAR347.5PE,34750,PE,20260330,NSE,2000,5
1190326,KOTAKBANK,KOTAKBANK26MAR350CE,35000,CE,20260330,NSE,2000,5
1190327,KOTAKBANK,KOTAKBANK26MAR350PE,35000,PE,20260330,NSE,2000,5
1218540,KOTAKBANK,KOTAKBANK26MAR352.5CE,35250,CE,20260330,NSE,2000,5
1218541,KOTAKBANK,KOTAKBANK26MAR352.5PE,35250,PE,20260330,NSE,2000,5
1190328,KOTAKBANK,KOTAKBANK26MAR355CE,35500,CE,20260330,NSE,2000,5
1190329,KOTAKBANK,KOTAKBANK26MAR355PE,35500,PE,20260330,NSE,2000,5
1218542,KOTAKBANK,KOTAKBANK26MAR357.5CE,35750,CE,20260330,NSE,2000,5
1218543,KOTAKBANK,KOTAKBANK26MAR357.5PE,35750,PE,20260330,NSE,2000,5
1188284,KOTAKBANK,KOTAKBANK26MAR360CE,36000,CE,20260330,NSE,2000,5
1188285,KOTAKBANK,KOTAKBANK26MAR360PE,36000,PE,20260330,NSE,2000,5
1218544,KOTAKBANK,KOTAKBANK26MAR362.5CE,36250,CE,20260330,NSE,2000,5
1218545,KOTAKBANK,KOTAKBANK26MAR362.5PE,36250,PE,20260330,NSE,2000,5
1190330,KOTAKBANK,KOTAKBANK26MAR365CE,36500,CE,20260330,NSE,2000,5
1190331,KOTAKBANK,KOTAKBANK26MAR365PE,36500,PE,20260330,NSE,2000,5
1218546,KOTAKBANK,KOTAKBANK26MAR367.5CE,36750,CE,20260330,NSE,2000,5
1218547,KOTAKBANK,KOTAKBANK26MAR367.5PE,36750,PE,20260330,NSE,2000,5
1190332,KOTAKBANK,KOTAKBANK26MAR370CE,37000,CE,20260330,NSE,2000,5
1190333,KOTAKBANK,KOTAKBANK26MAR370PE,37000,PE,20260330,NSE,2000,5
1218548,KOTAKBANK,KOTAKBANK26MAR372.5CE,37250,CE,20260330,NSE,2000,5
1218549,KOTAKBANK,KOTAKBANK26MAR372.5PE,37250,PE,20260330,NSE,2000,5
1190334,KOTAKBANK,KOTAKBANK26MAR375CE,37500,CE,20260330,NSE,2000,5
1190335,KOTAKBANK,KOTAKBANK26MAR375PE,37500,PE,20260330,NSE,2000,5
1218550,KOTAKBANK,KOTAKBANK26MAR377.5CE,37750,CE,20260330,NSE,2000,5
1218551,KOTAKBANK,KOTAKBANK26MAR377.5PE,37750,PE,20260330,NSE,2000,5
1190336,KOTAKBANK,KOTAKBANK26MAR380CE,38000,CE,20260330,NSE,2000,5
1190337,KOTAKBANK,KOTAKBANK26MAR380PE,38000,PE,20260330,NSE,2000,5
1218552,KOTAKBANK,KOTAKBANK26MAR382.5CE,38250,CE,20260330,NSE,2000,5
1218553,KOTAKBANK,KOTAKBANK26MAR382.5PE,38250,PE,20260330,NSE,2000,5
1188291,KOTAKBANK,KOTAKBANK26MAR384PE,38400,PE,20260330,NSE,2000,5
1190338,KOTAKBANK,KOTAKBANK26MAR385CE,38500,CE,20260330,NSE,2000,5
1190339,KOTAKBANK,KOTAKBANK26MAR385PE,38500,PE,20260330,NSE,2000,5
1218554,KOTAKBANK,KOTAKBANK26MAR387.5CE,38750,CE,20260330,NSE,2000,5
1218555,KOTAKBANK,KOTAKBANK26MAR387.5PE,38750,PE,20260330,NSE,2000,5
1190340,KOTAKBANK,KOTAKBANK26MAR390CE,39000,CE,20260330,NSE,2000,5
1190341,KOTAKBANK,KOTAKBANK26MAR390PE,39000,PE,20260330,NSE,2000,5
1188293,KOTAKBANK,KOTAKBANK26MAR392PE,39200,PE,20260330,NSE,2000,5
1218556,KOTAKBANK,KOTAKBANK26MAR392.5CE,39250,CE,20260330,NSE,2000,5
1218557,KOTAKBANK,KOTAKBANK26MAR392.5PE,39250,PE,20260330,NSE,2000,5
1190342,KOTAKBANK,KOTAKBANK26MAR395CE,39500,CE,20260330,NSE,2000,5
1190343,KOTAKBANK,KOTAKBANK26MAR395PE,39500,PE,20260330,NSE,2000,5
1218558,KOTAKBANK,KOTAKBANK26MAR397.5CE,39750,CE,20260330,NSE,2000,5
1218559,KOTAKBANK,KOTAKBANK26MAR397.5PE,39750,PE,20260330,NSE,2000,5
1188294,KOTAKBANK,KOTAKBANK26MAR400CE,40000,CE,20260330,NSE,2000,5
1188295,KOTAKBANK,KOTAKBANK26MAR400PE,40000,PE,20260330,NSE,2000,5
1218560,KOTAKBANK,KOTAKBANK26MAR402.5CE,40250,CE,20260330,NSE,2000,5
1218561,KOTAKBANK,KOTAKBANK26MAR402.5PE,40250,PE,20260330,NSE,2000,5
1190344,KOTAKBANK,KOTAKBANK26MAR405CE,40500,CE,20260330,NSE,2000,5
1190345,KOTAKBANK,KOTAKBANK26MAR405PE,40500,PE,20260330,NSE,2000,5
1218562,KOTAKBANK,KOTAKBANK26MAR407.5CE,40750,CE,20260330,NSE,2000,5
1218563,KOTAKBANK,KOTAKBANK26MAR407.5PE,40750,PE,20260330,NSE,2000,5
1190346,KOTAKBANK,KOTAKBANK26MAR410CE,41000,CE,20260330,NSE,2000,5
1190347,KOTAKBANK,KOTAKBANK26MAR410PE,41000,PE,20260330,NSE,2000,5
1218564,KOTAKBANK,KOTAKBANK26MAR412.5CE,41250,CE,20260330,NSE,2000,5
1218565,KOTAKBANK,KOTAKBANK26MAR412.5PE,41250,PE,20260330,NSE,2000,5
1190348,KOTAKBANK,KOTAKBANK26MAR415CE,41500,CE,20260330,NSE,2000,5
1190349,KOTAKBANK,KOTAKBANK26MAR415PE,41500,PE,20260330,NSE,2000,5
1218566,KOTAKBANK,KOTAKBANK26MAR417.5CE,41750,CE,20260330,NSE,2000,5
1218567,KOTAKBANK,KOTAKBANK26MAR417.5PE,41750,PE,20260330,NSE,2000,5
1190350,KOTAKBANK,KOTAKBANK26MAR420CE,42000,CE,20260330,NSE,2000,5
1190351,KOTAKBANK,KOTAKBANK26MAR420PE,42000,PE,20260330,NSE,2000,5
1218568,KOTAKBANK,KOTAKBANK26MAR422.5CE,42250,CE,20260330,NSE,2000,5
1218569,KOTAKBANK,KOTAKBANK26MAR422.5PE,42250,PE,20260330,NSE,2000,5
1190352,KOTAKBANK,KOTAKBANK26MAR425CE,42500,CE,20260330,NSE,2000,5
1190353,KOTAKBANK,KOTAKBANK26MAR425PE,42500,PE,20260330,NSE,2000,5
1218570,KOTAKBANK,KOTAKBANK26MAR427.5CE,42750,CE,20260330,NSE,2000,5
1218571,KOTAKBANK,KOTAKBANK26MAR427.5PE,42750,PE,20260330,NSE,2000,5
1190354,KOTAKBANK,KOTAKBANK26MAR430CE,43000,CE,20260330,NSE,2000,5
1190355,KOTAKBANK,KOTAKBANK26MAR430PE,43000,PE,20260330,NSE,2000,5
1218572,KOTAKBANK,KOTAKBANK26MAR432.5CE,43250,CE,20260330,NSE,2000,5
1218573,KOTAKBANK,KOTAKBANK26MAR432.5PE,43250,PE,20260330,NSE,2000,5
1190356,KOTAKBANK,KOTAKBANK26MAR435CE,43500,CE,20260330,NSE,2000,5
1190357,KOTAKBANK,KOTAKBANK26MAR435PE,43500,PE,20260330,NSE,2000,5
1218574,KOTAKBANK,KOTAKBANK26MAR437.5CE,43750,CE,20260330,NSE,2000,5
1218575,KOTAKBANK,KOTAKBANK26MAR437.5PE,43750,PE,20260330,NSE,2000,5
1188304,KOTAKBANK,KOTAKBANK26MAR440CE,44000,CE,20260330,NSE,2000,5
1188305,KOTAKBANK,KOTAKBANK26MAR440PE,44000,PE,20260330,NSE,2000,5
1218576,KOTAKBANK,KOTAKBANK26MAR442.5CE,44250,CE,20260330,NSE,2000,5
1218577,KOTAKBANK,KOTAKBANK26MAR442.5PE,44250,PE,20260330,NSE,2000,5
1190358,KOTAKBANK,KOTAKBANK26MAR445CE,44500,CE,20260330,NSE,2000,5
1190359,KOTAKBANK,KOTAKBANK26MAR445PE,44500,PE,20260330,NSE,2000,5
1218578,KOTAKBANK,KOTAKBANK26MAR447.5CE,44750,CE,20260330,NSE,2000,5
1218579,KOTAKBANK,KOTAKBANK26MAR447.5PE,44750,PE,20260330,NSE,2000,5
1190360,KOTAKBANK,KOTAKBANK26MAR450CE,45000,CE,20260330,NSE,2000,5
1190361,KOTAKBANK,KOTAKBANK26MAR450PE,45000,PE,20260330,NSE,2000,5
1218580,KOTAKBANK,KOTAKBANK26MAR452.5CE,45250,CE,20260330,NSE,2000,5
1218581,KOTAKBANK,KOTAKBANK26MAR452.5PE,45250,PE,20260330,NSE,2000,5
1190362,KOTAKBANK,KOTAKBANK26MAR455CE,45500,CE,20260330,NSE,2000,5
1190363,KOTAKBANK,KOTAKBANK26MAR455PE,45500,PE,20260330,NSE,2000,5
1218582,KOTAKBANK,KOTAKBANK26MAR457.5CE,45750,CE,20260330,NSE,2000,5
1218583,KOTAKBANK,KOTAKBANK26MAR457.5PE,45750,PE,20260330,NSE,2000,5
1190364,KOTAKBANK,KOTAKBANK26MAR460CE,46000,CE,20260330,NSE,2000,5
1190365,KOTAKBANK,KOTAKBANK26MAR460PE,46000,PE,20260330,NSE,2000,5
1218584,KOTAKBANK,KOTAKBANK26MAR462.5CE,46250,CE,20260330,NSE,2000,5
1218585,KOTAKBANK,KOTAKBANK26MAR462.5PE,46250,PE,20260330,NSE,2000,5
1190366,KOTAKBANK,KOTAKBANK26MAR465CE,46500,CE,20260330,NSE,2000,5
1190367,KOTAKBANK,KOTAKBANK26MAR465PE,46500,PE,20260330,NSE,2000,5
1218586,KOTAKBANK,KOTAKBANK26MAR467.5CE,46750,CE,20260330,NSE,2000,5
1218587,KOTAKBANK,KOTAKBANK26MAR467.5PE,46750,PE,20260330,NSE,2000,5
1190368,KOTAKBANK,KOTAKBANK26MAR470CE,47000,CE,20260330,NSE,2000,5
1190369,KOTAKBANK,KOTAKBANK26MAR470PE,47000,PE,20260330,NSE,2000,5
1218588,KOTAKBANK,KOTAKBANK26MAR472.5CE,47250,CE,20260330,NSE,2000,5
1218589,KOTAKBANK,KOTAKBANK26MAR472.5PE,47250,PE,20260330,NSE,2000,5
1190370,KOTAKBANK,KOTAKBANK26MAR475CE,47500,CE,20260330,NSE,2000,5
1190371,KOTAKBANK,KOTAKBANK26MAR475PE,47500,PE,20260330,NSE,2000,5
1218590,KOTAKBANK,KOTAKBANK26MAR477.5CE,47750,CE,20260330,NSE,2000,5
1218591,KOTAKBANK,KOTAKBANK26MAR477.5PE,47750,PE,20260330,NSE,2000,5
1188314,KOTAKBANK,KOTAKBANK26MAR480CE,48000,CE,20260330,NSE,2000,5
1188315,KOTAKBANK,KOTAKBANK26MAR480PE,48000,PE,20260330,NSE,2000,5
1218592,KOTAKBANK,KOTAKBANK26MAR482.5CE,48250,CE,20260330,NSE,2000,5
1218593,KOTAKBANK,KOTAKBANK26MAR482.5PE,48250,PE,20260330,NSE,2000,5
1190372,KOTAKBANK,KOTAKBANK26MAR485CE,48500,CE,20260330,NSE,2000,5
1190373,KOTAKBANK,KOTAKBANK26MAR485PE,48500,PE,20260330,NSE,2000,5
1218594,KOTAKBANK,KOTAKBANK26MAR487.5CE,48750,CE,20260330,NSE,2000,5
1218595,KOTAKBANK,KOTAKBANK26MAR487.5PE,48750,PE,20260330,NSE,2000,5
1190374,KOTAKBANK,KOTAKBANK26MAR490CE,49000,CE,20260330,NSE,2000,5
1190375,KOTAKBANK,KOTAKBANK26MAR490PE,49000,PE,20260330,NSE,2000,5
1218596,KOTAKBANK,KOTAKBANK26MAR492.5CE,49250,CE,20260330,NSE,2000,5
1218597,KOTAKBANK,KOTAKBANK26MAR492.5PE,49250,PE,20260330,NSE,2000,5
1190376,KOTAKBANK,KOTAKBANK26MAR495CE,49500,CE,20260330,NSE,2000,5
1190377,KOTAKBANK,KOTAKBANK26MAR495PE,49500,PE,20260330,NSE,2000,5
1188318,KOTAKBANK,KOTAKBANK26MAR496CE,49600,CE,20260330,NSE,2000,5
1218598,KOTAKBANK,KOTAKBANK26MAR497.5CE,49750,CE,20260330,NSE,2000,5
1218599,KOTAKBANK,KOTAKBANK26MAR497.5PE,49750,PE,20260330,NSE,2000,5
1190378,KOTAKBANK,KOTAKBANK26MAR500CE,50000,CE,20260330,NSE,2000,5
1190379,KOTAKBANK,KOTAKBANK26MAR500PE,50000,PE,20260330,NSE,2000,5
1235087,KOTAKBANK,KOTAKBANK26MAR502.5CE,50250,CE,20260330,NSE,2000,5
1235088,KOTAKBANK,KOTAKBANK26MAR502.5PE,50250,PE,20260330,NSE,2000,5
1190380,KOTAKBANK,KOTAKBANK26MAR505CE,50500,CE,20260330,NSE,2000,5
1190381,KOTAKBANK,KOTAKBANK26MAR505PE,50500,PE,20260330,NSE,2000,5
1190382,KOTAKBANK,KOTAKBANK26MAR510CE,51000,CE,20260330,NSE,2000,5
1190383,KOTAKBANK,KOTAKBANK26MAR510PE,51000,PE,20260330,NSE,2000,5
1191659,KOTAKBANK,KOTAKBANK26MAR515CE,51500,CE,20260330,NSE,2000,5
1191660,KOTAKBANK,KOTAKBANK26MAR515PE,51500,PE,20260330,NSE,2000,5
1188324,KOTAKBANK,KOTAKBANK26MAR520CE,52000,CE,20260330,NSE,2000,5
1188325,KOTAKBANK,KOTAKBANK26MAR520PE,52000,PE,20260330,NSE,2000,5
1218600,KOTAKBANK,KOTAKBANK26MAR525CE,52500,CE,20260330,NSE,2000,5
1218601,KOTAKBANK,KOTAKBANK26MAR525PE,52500,PE,20260330,NSE,2000,5
1190384,KOTAKBANK,KOTAKBANK26MAR530CE,53000,CE,20260330,NSE,2000,5
1190385,KOTAKBANK,KOTAKBANK26MAR530PE,53000,PE,20260330,NSE,2000,5
1218602,KOTAKBANK,KOTAKBANK26MAR535CE,53500,CE,20260330,NSE,2000,5
1218603,KOTAKBANK,KOTAKBANK26MAR535PE,53500,PE,20260330,NSE,2000,5
1190386,KOTAKBANK,KOTAKBANK26MAR540CE,54000,CE,20260330,NSE,2000,5
1190387,KOTAKBANK,KOTAKBANK26MAR540PE,54000,PE,20260330,NSE,2000,5
1218604,KOTAKBANK,KOTAKBANK26MAR545CE,54500,CE,20260330,NSE,2000,5
1218605,KOTAKBANK,KOTAKBANK26MAR545PE,54500,PE,20260330,NSE,2000,5
1190388,KOTAKBANK,KOTAKBANK26MAR550CE,55000,CE,20260330,NSE,2000,5
1190389,KOTAKBANK,KOTAKBANK26MAR550PE,55000,PE,20260330,NSE,2000,5
1218606,KOTAKBANK,KOTAKBANK26MAR555CE,55500,CE,20260330,NSE,2000,5
1218607,KOTAKBANK,KOTAKBANK26MAR555PE,55500,PE,20260330,NSE,2000,5
1188334,KOTAKBANK,KOTAKBANK26MAR560CE,56000,CE,20260330,NSE,2000,5
1188335,KOTAKBANK,KOTAKBANK26MAR560PE,56000,PE,20260330,NSE,2000,5
1218608,KOTAKBANK,KOTAKBANK26MAR565CE,56500,CE,20260330,NSE,2000,5
1218609,KOTAKBANK,KOTAKBANK26MAR565PE,56500,PE,20260330,NSE,2000,5
1190390,KOTAKBANK,KOTAKBANK26MAR570CE,57000,CE,20260330,NSE,2000,5
1190391,KOTAKBANK,KOTAKBANK26MAR570PE,57000,PE,20260330,NSE,2000,5
1218610,KOTAKBANK,KOTAKBANK26MAR575CE,57500,CE,20260330,NSE,2000,5
1218611,KOTAKBANK,KOTAKBANK26MAR575PE,57500,PE,20260330,NSE,2000,5
1190392,KOTAKBANK,KOTAKBANK26MAR580CE,58000,CE,20260330,NSE,2000,5
1190393,KOTAKBANK,KOTAKBANK26MAR580PE,58000,PE,20260330,NSE,2000,5
1218612,KOTAKBANK,KOTAKBANK26MAR585CE,58500,CE,20260330,NSE,2000,5
1218613,KOTAKBANK,KOTAKBANK26MAR585PE,58500,PE,20260330,NSE,2000,5
1190394,KOTAKBANK,KOTAKBANK26MAR590CE,59000,CE,20260330,NSE,2000,5
1190395,KOTAKBANK,KOTAKBANK26MAR590PE,59000,PE,20260330,NSE,2000,5
1251071,KOTAKBANK,KOTAKBANK26MAR595CE,59500,CE,20260330,NSE,2000,5
1251072,KOTAKBANK,KOTAKBANK26MAR595PE,59500,PE,20260330,NSE,2000,5
1218614,KOTAKBANK,KOTAKBANK26APR230CE,23000,CE,20260428,NSE,2000,5
1218615,KOTAKBANK,KOTAKBANK26APR230PE,23000,PE,20260428,NSE,2000,5
1218616,KOTAKBANK,KOTAKBANK26APR240CE,24000,CE,20260428,NSE,2000,5
1218617,KOTAKBANK,KOTAKBANK26APR240PE,24000,PE,20260428,NSE,2000,5
1218618,KOTAKBANK,KOTAKBANK26APR250CE,25000,CE,20260428,NSE,2000,5
1218619,KOTAKBANK,KOTAKBANK26APR250PE,25000,PE,20260428,NSE,2000,5
1218620,KOTAKBANK,KOTAKBANK26APR260CE,26000,CE,20260428,NSE,2000,5
1218621,KOTAKBANK,KOTAKBANK26APR260PE,26000,PE,20260428,NSE,2000,5
1218622,KOTAKBANK,KOTAKBANK26APR270CE,27000,CE,20260428,NSE,2000,5
1218623,KOTAKBANK,KOTAKBANK26APR270PE,27000,PE,20260428,NSE,2000,5
1218624,KOTAKBANK,KOTAKBANK26APR280CE,28000,CE,20260428,NSE,2000,5
1218625,KOTAKBANK,KOTAKBANK26APR280PE,28000,PE,20260428,NSE,2000,5
1218626,KOTAKBANK,KOTAKBANK26APR290CE,29000,CE,20260428,NSE,2000,5
1218627,KOTAKBANK,KOTAKBANK26APR290PE,29000,PE,20260428,NSE,2000,5
1218628,KOTAKBANK,KOTAKBANK26APR300CE,30000,CE,20260428,NSE,2000,5
1218629,KOTAKBANK,KOTAKBANK26APR300PE,30000,PE,20260428,NSE,2000,5
1218630,KOTAKBANK,KOTAKBANK26APR310CE,31000,CE,20260428,NSE,2000,5
1218631,KOTAKBANK,KOTAKBANK26APR310PE,31000,PE,20260428,NSE,2000,5
1247201,KOTAKBANK,KOTAKBANK26APR315CE,31500,CE,20260428,NSE,2000,5
1247202,KOTAKBANK,KOTAKBANK26APR315PE,31500,PE,20260428,NSE,2000,5
1218632,KOTAKBANK,KOTAKBANK26APR320CE,32000,CE,20260428,NSE,2000,5
1218633,KOTAKBANK,KOTAKBANK26APR320PE,32000,PE,20260428,NSE,2000,5
1218634,KOTAKBANK,KOTAKBANK26APR325CE,32500,CE,20260428,NSE,2000,5
1218635,KOTAKBANK,KOTAKBANK26APR325PE,32500,PE,20260428,NSE,2000,5
1218636,KOTAKBANK,KOTAKBANK26APR330CE,33000,CE,20260428,NSE,2000,5
1218637,KOTAKBANK,KOTAKBANK26APR330PE,33000,PE,20260428,NSE,2000,5
1218638,KOTAKBANK,KOTAKBANK26APR335CE,33500,CE,20260428,NSE,2000,5
1218639,KOTAKBANK,KOTAKBANK26APR335PE,33500,PE,20260428,NSE,2000,5
1218640,KOTAKBANK,KOTAKBANK26APR340CE,34000,CE,20260428,NSE,2000,5
1218641,KOTAKBANK,KOTAKBANK26APR340PE,34000,PE,20260428,NSE,2000,5
1218642,KOTAKBANK,KOTAKBANK26APR345CE,34500,CE,20260428,NSE,2000,5
1218643,KOTAKBANK,KOTAKBANK26APR345PE,34500,PE,20260428,NSE,2000,5
1218644,KOTAKBANK,KOTAKBANK26APR350CE,35000,CE,20260428,NSE,2000,5
1218645,KOTAKBANK,KOTAKBANK26APR350PE,35000,PE,20260428,NSE,2000,5
1218646,KOTAKBANK,KOTAKBANK26APR355CE,35500,CE,20260428,NSE,2000,5
1218647,KOTAKBANK,KOTAKBANK26APR355PE,35500,PE,20260428,NSE,2000,5
1218648,KOTAKBANK,KOTAKBANK26APR360CE,36000,CE,20260428,NSE,2000,5
1218649,KOTAKBANK,KOTAKBANK26APR360PE,36000,PE,20260428,NSE,2000,5
1218650,KOTAKBANK,KOTAKBANK26APR365CE,36500,CE,20260428,NSE,2000,5
1218651,KOTAKBANK,KOTAKBANK26APR365PE,36500,PE,20260428,NSE,2000,5
1218652,KOTAKBANK,KOTAKBANK26APR370CE,37000,CE,20260428,NSE,2000,5
1218653,KOTAKBANK,KOTAKBANK26APR370PE,37000,PE,20260428,NSE,2000,5
1218654,KOTAKBANK,KOTAKBANK26APR375CE,37500,CE,20260428,NSE,2000,5
1218655,KOTAKBANK,KOTAKBANK26APR375PE,37500,PE,20260428,NSE,2000,5
1218656,KOTAKBANK,KOTAKBANK26APR380CE,38000,CE,20260428,NSE,2000,5
1218657,KOTAKBANK,KOTAKBANK26APR380PE,38000,PE,20260428,NSE,2000,5
1218658,KOTAKBANK,KOTAKBANK26APR385CE,38500,CE,20260428,NSE,2000,5
1218659,KOTAKBANK,KOTAKBANK26APR385PE,38500,PE,20260428,NSE,2000,5
1218660,KOTAKBANK,KOTAKBANK26APR390CE,39000,CE,20260428,NSE,2000,5
1218661,KOTAKBANK,KOTAKBANK26APR390PE,39000,PE,20260428,NSE,2000,5
1218662,KOTAKBANK,KOTAKBANK26APR395CE,39500,CE,20260428,NSE,2000,5
1218663,KOTAKBANK,KOTAKBANK26APR395PE,39500,PE,20260428,NSE,2000,5
1218664,KOTAKBANK,KOTAKBANK26APR400CE,40000,CE,20260428,NSE,2000,5
1218665,KOTAKBANK,KOTAKBANK26APR400PE,40000,PE,20260428,NSE,2000,5
1218666,KOTAKBANK,KOTAKBANK26APR405CE,40500,CE,20260428,NSE,2000,5
1218667,KOTAKBANK,KOTAKBANK26APR405PE,40500,PE,20260428,NSE,2000,5
1218668,KOTAKBANK,KOTAKBANK26APR410CE,41000,CE,20260428,NSE,2000,5
1218669,KOTAKBANK,KOTAKBANK26APR410PE,41000,PE,20260428,NSE,2000,5
1218670,KOTAKBANK,KOTAKBANK26APR415CE,41500,CE,20260428,NSE,2000,5
1218671,KOTAKBANK,KOTAKBANK26APR415PE,41500,PE,20260428,NSE,2000,5
1218672,KOTAKBANK,KOTAKBANK26APR420CE,42000,CE,20260428,NSE,2000,5
1218673,KOTAKBANK,KOTAKBANK26APR420PE,42000,PE,20260428,NSE,2000,5
1218674,KOTAKBANK,KOTAKBANK26APR425CE,42500,CE,20260428,NSE,2000,5
1218675,KOTAKBANK,KOTAKBANK26APR425PE,42500,PE,20260428,NSE,2000,5
1218676,KOTAKBANK,KOTAKBANK26APR430CE,43000,CE,20260428,NSE,2000,5
1218677,KOTAKBANK,KOTAKBANK26APR430PE,43000,PE,20260428,NSE,2000,5
1218678,KOTAKBANK,KOTAKBANK26APR435CE,43500,CE,20260428,NSE,2000,5
1218679,KOTAKBANK,KOTAKBANK26APR435PE,43500,PE,20260428,NSE,2000,5
1218680,KOTAKBANK,KOTAKBANK26APR440CE,44000,CE,20260428,NSE,2000,5
1218681,KOTAKBANK,KOTAKBANK26APR440PE,44000,PE,20260428,NSE,2000,5
1218682,KOTAKBANK,KOTAKBANK26APR445CE,44500,CE,20260428,NSE,2000,5
1218683,KOTAKBANK,KOTAKBANK26APR445PE,44500,PE,20260428,NSE,2000,5
1218684,KOTAKBANK,KOTAKBANK26APR450CE,45000,CE,20260428,NSE,2000,5
1218685,KOTAKBANK,KOTAKBANK26APR450PE,45000,PE,20260428,NSE,2000,5
1218686,KOTAKBANK,KOTAKBANK26APR455CE,45500,CE,20260428,NSE,2000,5
1218687,KOTAKBANK,KOTAKBANK26APR455PE,45500,PE,20260428,NSE,2000,5
1218688,KOTAKBANK,KOTAKBANK26APR460CE,46000,CE,20260428,NSE,2000,5
1218689,KOTAKBANK,KOTAKBANK26APR460PE,46000,PE,20260428,NSE,2000,5
1218690,KOTAKBANK,KOTAKBANK26APR465CE,46500,CE,20260428,NSE,2000,5
1218691,KOTAKBANK,KOTAKBANK26APR465PE,46500,PE,20260428,NSE,2000,5
1218692,KOTAKBANK,KOTAKBANK26APR470CE,47000,CE,20260428,NSE,2000,5
1218693,KOTAKBANK,KOTAKBANK26APR470PE,47000,PE,20260428,NSE,2000,5
1218694,KOTAKBANK,KOTAKBANK26APR475CE,47500,CE,20260428,NSE,2000,5
1218695,KOTAKBANK,KOTAKBANK26APR475PE,47500,PE,20260428,NSE,2000,5
1218696,KOTAKBANK,KOTAKBANK26APR480CE,48000,CE,20260428,NSE,2000,5
1218697,KOTAKBANK,KOTAKBANK26APR480PE,48000,PE,20260428,NSE,2000,5
1218698,KOTAKBANK,KOTAKBANK26APR485CE,48500,CE,20260428,NSE,2000,5
1218699,KOTAKBANK,KOTAKBANK26APR485PE,48500,PE,20260428,NSE,2000,5
1218700,KOTAKBANK,KOTAKBANK26APR490CE,49000,CE,20260428,NSE,2000,5
1218701,KOTAKBANK,KOTAKBANK26APR490PE,49000,PE,20260428,NSE,2000,5
1218702,KOTAKBANK,KOTAKBANK26APR495CE,49500,CE,20260428,NSE,2000,5
1218703,KOTAKBANK,KOTAKBANK26APR495PE,49500,PE,20260428,NSE,2000,5
1218704,KOTAKBANK,KOTAKBANK26APR500CE,50000,CE,20260428,NSE,2000,5
1218705,KOTAKBANK,KOTAKBANK26APR500PE,50000,PE,20260428,NSE,2000,5
1251073,KOTAKBANK,KOTAKBANK26APR505CE,50500,CE,20260428,NSE,2000,5
1251074,KOTAKBANK,KOTAKBANK26APR505PE,50500,PE,20260428,NSE,2000,5
1218706,KOTAKBANK,KOTAKBANK26APR510CE,51000,CE,20260428,NSE,2000,5
1218707,KOTAKBANK,KOTAKBANK26APR510PE,51000,PE,20260428,NSE,2000,5
1218708,KOTAKBANK,KOTAKBANK26APR520CE,52000,CE,20260428,NSE,2000,5
1218709,KOTAKBANK,KOTAKBANK26APR520PE,52000,PE,20260428,NSE,2000,5
1218710,KOTAKBANK,KOTAKBANK26APR530CE,53000,CE,20260428,NSE,2000,5
1218711,KOTAKBANK,KOTAKBANK26APR530PE,53000,PE,20260428,NSE,2000,5
1218712,KOTAKBANK,KOTAKBANK26APR540CE,54000,CE,20260428,NSE,2000,5
1218713,KOTAKBANK,KOTAKBANK26APR540PE,54000,PE,20260428,NSE,2000,5
1218714,KOTAKBANK,KOTAKBANK26APR550CE,55000,CE,20260428,NSE,2000,5
1218715,KOTAKBANK,KOTAKBANK26APR550PE,55000,PE,20260428,NSE,2000,5
1218716,KOTAKBANK,KOTAKBANK26APR560CE,56000,CE,20260428,NSE,2000,5
1218717,KOTAKBANK,KOTAKBANK26APR560PE,56000,PE,20260428,NSE,2000,5
1218718,KOTAKBANK,KOTAKBANK26APR570CE,57000,CE,20260428,NSE,2000,5
1218719,KOTAKBANK,KOTAKBANK26APR570PE,57000,PE,20260428,NSE,2000,5
1218720,KOTAKBANK,KOTAKBANK26APR580CE,58000,CE,20260428,NSE,2000,5
1218721,KOTAKBANK,KOTAKBANK26APR580PE,58000,PE,20260428,NSE,2000,5
1218722,KOTAKBANK,KOTAKBANK26APR590CE,59000,CE,20260428,NSE,2000,5
1218723,KOTAKBANK,KOTAKBANK26APR590PE,59000,PE,20260428,NSE,2000,5
1251075,KOTAKBANK,KOTAKBANK26APR600CE,60000,CE,20260428,NSE,2000,5
1251076,KOTAKBANK,KOTAKBANK26APR600PE,60000,PE,20260428,NSE,2000,5
1247445,RELIANCE,RELIANCE26FEB620CE,62000,CE,20260224,NSE,500,5
1247446,RELIANCE,RELIANCE26FEB620PE,62000,PE,20260224,NSE,500,5
1247447,RELIANCE,RELIANCE26FEB640CE,64000,CE,20260224,NSE,500,5
1247448,RELIANCE,RELIANCE26FEB640PE,64000,PE,20260224,NSE,500,5
1198080,RELIANCE,RELIANCE26FEB660CE,66000,CE,20260224,NSE,500,5
1198081,RELIANCE,RELIANCE26FEB660PE,66000,PE,20260224,NSE,500,5
1193695,RELIANCE,RELIANCE26FEB680CE,68000,CE,20260224,NSE,500,5
1193696,RELIANCE,RELIANCE26FEB680PE,68000,PE,20260224,NSE,500,5
1191735,RELIANCE,RELIANCE26FEB700CE,70000,CE,20260224,NSE,500,5
1191736,RELIANCE,RELIANCE26FEB700PE,70000,PE,20260224,NSE,500,5
1191737,RELIANCE,RELIANCE26FEB720CE,72000,CE,20260224,NSE,500,5
1191738,RELIANCE,RELIANCE26FEB720PE,72000,PE,20260224,NSE,500,5
1188446,RELIANCE,RELIANCE26FEB740CE,74000,CE,20260224,NSE,500,5
1188447,RELIANCE,RELIANCE26FEB740PE,74000,PE,20260224,NSE,500,5
1185561,RELIANCE,RELIANCE26FEB760CE,76000,CE,20260224,NSE,500,5
1185562,RELIANCE,RELIANCE26FEB760PE,76000,PE,20260224,NSE,500,5
1182931,RELIANCE,RELIANCE26FEB780CE,78000,CE,20260224,NSE,500,5
1182932,RELIANCE,RELIANCE26FEB780PE,78000,PE,20260224,NSE,500,5
1182933,RELIANCE,RELIANCE26FEB800CE,80000,CE,20260224,NSE,500,5
1182934,RELIANCE,RELIANCE26FEB800PE,80000,PE,20260224,NSE,500,5
1165648,RELIANCE,RELIANCE26FEB820CE,82000,CE,20260224,NSE,500,5
1165649,RELIANCE,RELIANCE26FEB820PE,82000,PE,20260224,NSE,500,5
1165650,RELIANCE,RELIANCE26FEB840CE,84000,CE,20260224,NSE,500,5
1165651,RELIANCE,RELIANCE26FEB840PE,84000,PE,20260224,NSE,500,5
1165652,RELIANCE,RELIANCE26FEB860CE,86000,CE,20260224,NSE,500,5
1165653,RELIANCE,RELIANCE26FEB860PE,86000,PE,20260224,NSE,500,5
1165654,RELIANCE,RELIANCE26FEB880CE,88000,CE,20260224,NSE,500,5
1165655,RELIANCE,RELIANCE26FEB880PE,88000,PE,20260224,NSE,500,5
1165656,RELIANCE,RELIANCE26FEB900CE,90000,CE,20260224,NSE,500,5
1165657,RELIANCE,RELIANCE26FEB900PE,90000,PE,20260224,NSE,500,5
1091300,RELIANCE,RELIANCE26FEB920CE,92000,CE,20260224,NSE,500,5
1091301,RELIANCE,RELIANCE26FEB920PE,92000,PE,20260224,NSE,500,5
1165658,RELIANCE,RELIANCE26FEB940CE,94000,CE,20260224,NSE,500,5
1165659,RELIANCE,RELIANCE26FEB940PE,94000,PE,20260224,NSE,500,5
1091302,RELIANCE,RELIANCE26FEB960CE,96000,CE,20260224,NSE,500,5
1091303,RELIANCE,RELIANCE26FEB960PE,96000,PE,20260224,NSE,500,5
1165660,RELIANCE,RELIANCE26FEB980CE,98000,CE,20260224,NSE,500,5
1165661,RELIANCE,RELIANCE26FEB980PE,98000,PE,20260224,NSE,500,5
1247449,RELIANCE,RELIANCE26FEB990CE,99000,CE,20260224,NSE,500,5
1247450,RELIANCE,RELIANCE26FEB990PE,99000,PE,20260224,NSE,500,5
1091304,RELIANCE,RELIANCE26FEB1000CE,100000,CE,20260224,NSE,500,5
1091305,RELIANCE,RELIANCE26FEB1000PE,100000,PE,20260224,NSE,500,5
1247451,RELIANCE,RELIANCE26FEB1010CE,101000,CE,20260224,NSE,500,5
1247452,RELIANCE,RELIANCE26FEB1010PE,101000,PE,20260224,NSE,500,5
1165662,RELIANCE,RELIANCE26FEB1020CE,102000,CE,20260224,NSE,500,5
1165663,RELIANCE,RELIANCE26FEB1020PE,102000,PE,20260224,NSE,500,5
1193697,RELIANCE,RELIANCE26FEB1030CE,103000,CE,20260224,NSE,500,5
1193698,RELIANCE,RELIANCE26FEB1030PE,103000,PE,20260224,NSE,500,5
1091306,RELIANCE,RELIANCE26FEB1040CE,104000,CE,20260224,NSE,500,5
1091307,RELIANCE,RELIANCE26FEB1040PE,104000,PE,20260224,NSE,500,5
1191739,RELIANCE,RELIANCE26FEB1050CE,105000,CE,20260224,NSE,500,5
1191740,RELIANCE,RELIANCE26FEB1050PE,105000,PE,20260224,NSE,500,5
1165664,RELIANCE,RELIANCE26FEB1060CE,106000,CE,20260224,NSE,500,5
1165665,RELIANCE,RELIANCE26FEB1060PE,106000,PE,20260224,NSE,500,5
1191741,RELIANCE,RELIANCE26FEB1070CE,107000,CE,20260224,NSE,500,5
1191742,RELIANCE,RELIANCE26FEB1070PE,107000,PE,20260224,NSE,500,5
1091308,RELIANCE,RELIANCE26FEB1080CE,108000,CE,20260224,NSE,500,5
1091309,RELIANCE,RELIANCE26FEB1080PE,108000,PE,20260224,NSE,500,5
1188448,RELIANCE,RELIANCE26FEB1090CE,109000,CE,20260224,NSE,500,5
1188449,RELIANCE,RELIANCE26FEB1090PE,109000,PE,20260224,NSE,500,5
1165666,RELIANCE,RELIANCE26FEB1100CE,110000,CE,20260224,NSE,500,5
1165667,RELIANCE,RELIANCE26FEB1100PE,110000,PE,20260224,NSE,500,5
1185563,RELIANCE,RELIANCE26FEB1110CE,111000,CE,20260224,NSE,500,5
1185564,RELIANCE,RELIANCE26FEB1110PE,111000,PE,20260224,NSE,500,5
1091310,RELIANCE,RELIANCE26FEB1120CE,112000,CE,20260224,NSE,500,5
1091311,RELIANCE,RELIANCE26FEB1120PE,112000,PE,20260224,NSE,500,5
1185565,RELIANCE,RELIANCE26FEB1130CE,113000,CE,20260224,NSE,500,5
1185566,RELIANCE,RELIANCE26FEB1130PE,113000,PE,20260224,NSE,500,5
1165668,RELIANCE,RELIANCE26FEB1140CE,114000,CE,20260224,NSE,500,5
1165669,RELIANCE,RELIANCE26FEB1140PE,114000,PE,20260224,NSE,500,5
1182935,RELIANCE,RELIANCE26FEB1150CE,115000,CE,20260224,NSE,500,5
1182936,RELIANCE,RELIANCE26FEB1150PE,115000,PE,20260224,NSE,500,5
1091312,RELIANCE,RELIANCE26FEB1160CE,116000,CE,20260224,NSE,500,5
1091313,RELIANCE,RELIANCE26FEB1160PE,116000,PE,20260224,NSE,500,5
1182937,RELIANCE,RELIANCE26FEB1170CE,117000,CE,20260224,NSE,500,5
1182938,RELIANCE,RELIANCE26FEB1170PE,117000,PE,20260224,NSE,500,5
1091314,RELIANCE,RELIANCE26FEB1180CE,118000,CE,20260224,NSE,500,5
1091315,RELIANCE,RELIANCE26FEB1180PE,118000,PE,20260224,NSE,500,5
1165670,RELIANCE,RELIANCE26FEB1190CE,119000,CE,20260224,NSE,500,5
1165671,RELIANCE,RELIANCE26FEB1190PE,119000,PE,20260224,NSE,500,5
1091316,RELIANCE,RELIANCE26FEB1200CE,120000,CE,20260224,NSE,500,5
1091317,RELIANCE,RELIANCE26FEB1200PE,120000,PE,20260224,NSE,500,5
1165672,RELIANCE,RELIANCE26FEB1210CE,121000,CE,20260224,NSE,500,5
1165673,RELIANCE,RELIANCE26FEB1210PE,121000,PE,20260224,NSE,500,5
1091318,RELIANCE,RELIANCE26FEB1220CE,122000,CE,20260224,NSE,500,5
1091319,RELIANCE,RELIANCE26FEB1220PE,122000,PE,20260224,NSE,500,5
1165674,RELIANCE,RELIANCE26FEB1230CE,123000,CE,20260224,NSE,500,5
1165675,RELIANCE,RELIANCE26FEB1230PE,123000,PE,20260224,NSE,500,5
1091320,RELIANCE,RELIANCE26FEB1240CE,124000,CE,20260224,NSE,500,5
1091321,RELIANCE,RELIANCE26FEB1240PE,124000,PE,20260224,NSE,500,5
1165676,RELIANCE,RELIANCE26FEB1250CE,125000,CE,20260224,NSE,500,5
1165677,RELIANCE,RELIANCE26FEB1250PE,125000,PE,20260224,NSE,500,5
1091322,RELIANCE,RELIANCE26FEB1260CE,126000,CE,20260224,NSE,500,5
1091323,RELIANCE,RELIANCE26FEB1260PE,126000,PE,20260224,NSE,500,5
1165678,RELIANCE,RELIANCE26FEB1270CE,127000,CE,20260224,NSE,500,5
1165679,RELIANCE,RELIANCE26FEB1270PE,127000,PE,20260224,NSE,500,5
1091324,RELIANCE,RELIANCE26FEB1280CE,128000,CE,20260224,NSE,500,5
1091325,RELIANCE,RELIANCE26FEB1280PE,128000,PE,20260224,NSE,500,5
1165680,RELIANCE,RELIANCE26FEB1290CE,129000,CE,20260224,NSE,500,5
1165681,RELIANCE,RELIANCE26FEB1290PE,129000,PE,20260224,NSE,500,5
1091326,RELIANCE,RELIANCE26FEB1300CE,130000,CE,20260224,NSE,500,5
1091327,RELIANCE,RELIANCE26FEB1300PE,130000,PE,20260224,NSE,500,5
1165682,RELIANCE,RELIANCE26FEB1310CE,131000,CE,20260224,NSE,500,5
1165683,RELIANCE,RELIANCE26FEB1310PE,131000,PE,20260224,NSE,500,5
1091328,RELIANCE,RELIANCE26FEB1320CE,132000,CE,20260224,NSE,500,5
1091329,RELIANCE,RELIANCE26FEB1320PE,132000,PE,20260224,NSE,500,5
1165684,RELIANCE,RELIANCE26FEB1330CE,133000,CE,20260224,NSE,500,5
1165685,RELIANCE,RELIANCE26FEB1330PE,133000,PE,20260224,NSE,500,5
1091330,RELIANCE,RELIANCE26FEB1340CE,134000,CE,20260224,NSE,500,5
1091331,RELIANCE,RELIANCE26FEB1340PE,134000,PE,20260224,NSE,500,5
1165686,RELIANCE,RELIANCE26FEB1350CE,135000,CE,20260224,NSE,500,5
1165687,RELIANCE,RELIANCE26FEB1350PE,135000,PE,20260224,NSE,500,5
1091332,RELIANCE,RELIANCE26FEB1360CE,136000,CE,20260224,NSE,500,5
1091333,RELIANCE,RELIANCE26FEB1360PE,136000,PE,20260224,NSE,500,5
1165688,RELIANCE,RELIANCE26FEB1370CE,137000,CE,20260224,NSE,500,5
1165689,RELIANCE,RELIANCE26FEB1370PE,137000,PE,20260224,NSE,500,5
1091334,RELIANCE,RELIANCE26FEB1380CE,138000,CE,20260224,NSE,500,5
1091335,RELIANCE,RELIANCE26FEB1380PE,138000,PE,20260224,NSE,500,5
1165690,RELIANCE,RELIANCE26FEB1390CE,139000,CE,20260224,NSE,500,5
1165691,RELIANCE,RELIANCE26FEB1390PE,139000,PE,20260224,NSE,500,5
1091336,RELIANCE,RELIANCE26FEB1400CE,140000,CE,20260224,NSE,500,5
1091337,RELIANCE,RELIANCE26FEB1400PE,140000,PE,20260224,NSE,500,5
1165692,RELIANCE,RELIANCE26FEB1410CE,141000,CE,20260224,NSE,500,5
1165693,RELIANCE,RELIANCE26FEB1410PE,141000,PE,20260224,NSE,500,5
1091338,RELIANCE,RELIANCE26FEB1420CE,142000,CE,20260224,NSE,500,5
1091339,RELIANCE,RELIANCE26FEB1420PE,142000,PE,20260224,NSE,500,5
1165694,RELIANCE,RELIANCE26FEB1430CE,143000,CE,20260224,NSE,500,5
1165695,RELIANCE,RELIANCE26FEB1430PE,143000,PE,20260224,NSE,500,5
1091340,RELIANCE,RELIANCE26FEB1440CE,144000,CE,20260224,NSE,500,5
1091341,RELIANCE,RELIANCE26FEB1440PE,144000,PE,20260224,NSE,500,5
1165696,RELIANCE,RELIANCE26FEB1450CE,145000,CE,20260224,NSE,500,5
1165697,RELIANCE,RELIANCE26FEB1450PE,145000,PE,20260224,NSE,500,5
1091342,RELIANCE,RELIANCE26FEB1460CE,146000,CE,20260224,NSE,500,5
1091343,RELIANCE,RELIANCE26FEB1460PE,146000,PE,20260224,NSE,500,5
1165698,RELIANCE,RELIANCE26FEB1470CE,147000,CE,20260224,NSE,500,5
1165699,RELIANCE,RELIANCE26FEB1470PE,147000,PE,20260224,NSE,500,5
1091344,RELIANCE,RELIANCE26FEB1480CE,148000,CE,20260224,NSE,500,5
1091345,RELIANCE,RELIANCE26FEB1480PE,148000,PE,20260224,NSE,500,5
1165700,RELIANCE,RELIANCE26FEB1490CE,149000,CE,20260224,NSE,500,5
1165701,RELIANCE,RELIANCE26FEB1490PE,149000,PE,20260224,NSE,500,5
1091346,RELIANCE,RELIANCE26FEB1500CE,150000,CE,20260224,NSE,500,5
1091347,RELIANCE,RELIANCE26FEB1500PE,150000,PE,20260224,NSE,500,5
1165702,RELIANCE,RELIANCE26FEB1510CE,151000,CE,20260224,NSE,500,5
1165703,RELIANCE,RELIANCE26FEB1510PE,151000,PE,20260224,NSE,500,5
1091348,RELIANCE,RELIANCE26FEB1520CE,152000,CE,20260224,NSE,500,5
1091349,RELIANCE,RELIANCE26FEB1520PE,152000,PE,20260224,NSE,500,5
1165704,RELIANCE,RELIANCE26FEB1530CE,153000,CE,20260224,NSE,500,5
1165705,RELIANCE,RELIANCE26FEB1530PE,153000,PE,20260224,NSE,500,5
1091350,RELIANCE,RELIANCE26FEB1540CE,154000,CE,20260224,NSE,500,5
1091351,RELIANCE,RELIANCE26FEB1540PE,154000,PE,20260224,NSE,500,5
1165706,RELIANCE,RELIANCE26FEB1550CE,155000,CE,20260224,NSE,500,5
1165707,RELIANCE,RELIANCE26FEB1550PE,155000,PE,20260224,NSE,500,5
1091352,RELIANCE,RELIANCE26FEB1560CE,156000,CE,20260224,NSE,500,5
1091353,RELIANCE,RELIANCE26FEB1560PE,156000,PE,20260224,NSE,500,5
1165708,RELIANCE,RELIANCE26FEB1570CE,157000,CE,20260224,NSE,500,5
1165709,RELIANCE,RELIANCE26FEB1570PE,157000,PE,20260224,NSE,500,5
1091354,RELIANCE,RELIANCE26FEB1580CE,158000,CE,20260224,NSE,500,5
1091355,RELIANCE,RELIANCE26FEB1580PE,158000,PE,20260224,NSE,500,5
1165710,RELIANCE,RELIANCE26FEB1590CE,159000,CE,20260224,NSE,500,5
1165711,RELIANCE,RELIANCE26FEB1590PE,159000,PE,20260224,NSE,500,5
1091356,RELIANCE,RELIANCE26FEB1600CE,160000,CE,20260224,NSE,500,5
1091357,RELIANCE,RELIANCE26FEB1600PE,160000,PE,20260224,NSE,500,5
1165712,RELIANCE,RELIANCE26FEB1610CE,161000,CE,20260224,NSE,500,5
1165713,RELIANCE,RELIANCE26FEB1610PE,161000,PE,20260224,NSE,500,5
1091358,RELIANCE,RELIANCE26FEB1620CE,162000,CE,20260224,NSE,500,5
1091359,RELIANCE,RELIANCE26FEB1620PE,162000,PE,20260224,NSE,500,5
1165714,RELIANCE,RELIANCE26FEB1630CE,163000,CE,20260224,NSE,500,5
1165715,RELIANCE,RELIANCE26FEB1630PE,163000,PE,20260224,NSE,500,5
1091360,RELIANCE,RELIANCE26FEB1640CE,164000,CE,20260224,NSE,500,5
1091361,RELIANCE,RELIANCE26FEB1640PE,164000,PE,20260224,NSE,500,5
1165716,RELIANCE,RELIANCE26FEB1650CE,165000,CE,20260224,NSE,500,5
1165717,RELIANCE,RELIANCE26FEB1650PE,165000,PE,20260224,NSE,500,5
1091362,RELIANCE,RELIANCE26FEB1660CE,166000,CE,20260224,NSE,500,5
1091363,RELIANCE,RELIANCE26FEB1660PE,166000,PE,20260224,NSE,500,5
1165718,RELIANCE,RELIANCE26FEB1670CE,167000,CE,20260224,NSE,500,5
1165719,RELIANCE,RELIANCE26FEB1670PE,167000,PE,20260224,NSE,500,5
1091364,RELIANCE,RELIANCE26FEB1680CE,168000,CE,20260224,NSE,500,5
1091365,RELIANCE,RELIANCE26FEB1680PE,168000,PE,20260224,NSE,500,5
1165720,RELIANCE,RELIANCE26FEB1690CE,169000,CE,20260224,NSE,500,5
1165721,RELIANCE,RELIANCE26FEB1690PE,169000,PE,20260224,NSE,500,5
1091366,RELIANCE,RELIANCE26FEB1700CE,170000,CE,20260224,NSE,500,5
1091367,RELIANCE,RELIANCE26FEB1700PE,170000,PE,20260224,NSE,500,5
1165722,RELIANCE,RELIANCE26FEB1710CE,171000,CE,20260224,NSE,500,5
1165723,RELIANCE,RELIANCE26FEB1710PE,171000,PE,20260224,NSE,500,5
1091368,RELIANCE,RELIANCE26FEB1720CE,172000,CE,20260224,NSE,500,5
1091369,RELIANCE,RELIANCE26FEB1720PE,172000,PE,20260224,NSE,500,5
1165724,RELIANCE,RELIANCE26FEB1730CE,173000,CE,20260224,NSE,500,5
1165725,RELIANCE,RELIANCE26FEB1730PE,173000,PE,20260224,NSE,500,5
1091370,RELIANCE,RELIANCE26FEB1740CE,174000,CE,20260224,NSE,500,5
1091371,RELIANCE,RELIANCE26FEB1740PE,174000,PE,20260224,NSE,500,5
1165726,RELIANCE,RELIANCE26FEB1750CE,175000,CE,20260224,NSE,500,5
1165727,RELIANCE,RELIANCE26FEB1750PE,175000,PE,20260224,NSE,500,5
1091372,RELIANCE,RELIANCE26FEB1760CE,176000,CE,20260224,NSE,500,5
1091373,RELIANCE,RELIANCE26FEB1760PE,176000,PE,20260224,NSE,500,5
1165728,RELIANCE,RELIANCE26FEB1770CE,177000,CE,20260224,NSE,500,5
1165729,RELIANCE,RELIANCE26FEB1770PE,177000,PE,20260224,NSE,500,5
1091374,RELIANCE,RELIANCE26FEB1780CE,178000,CE,20260224,NSE,500,5
1091375,RELIANCE,RELIANCE26FEB1780PE,178000,PE,20260224,NSE,500,5
1165730,RELIANCE,RELIANCE26FEB1790CE,179000,CE,20260224,NSE,500,5
1165731,RELIANCE,RELIANCE26FEB1790PE,179000,PE,20260224,NSE,500,5
1091376,RELIANCE,RELIANCE26FEB1800CE,180000,CE,20260224,NSE,500,5
1091377,RELIANCE,RELIANCE26FEB1800PE,180000,PE,20260224,NSE,500,5
1091378,RELIANCE,RELIANCE26FEB1820CE,182000,CE,20260224,NSE,500,5
1091379,RELIANCE,RELIANCE26FEB1820PE,182000,PE,20260224,NSE,500,5
1091380,RELIANCE,RELIANCE26FEB1840CE,184000,CE,20260224,NSE,500,5
1091381,RELIANCE,RELIANCE26FEB1840PE,184000,PE,20260224,NSE,500,5
1091382,RELIANCE,RELIANCE26FEB1860CE,186000,CE,20260224,NSE,500,5
1091383,RELIANCE,RELIANCE26FEB1860PE,186000,PE,20260224,NSE,500,5
1091384,RELIANCE,RELIANCE26FEB1880CE,188000,CE,20260224,NSE,500,5
1091385,RELIANCE,RELIANCE26FEB1880PE,188000,PE,20260224,NSE,500,5
1091386,RELIANCE,RELIANCE26FEB1900CE,190000,CE,20260224,NSE,500,5
1091387,RELIANCE,RELIANCE26FEB1900PE,190000,PE,20260224,NSE,500,5
1091388,RELIANCE,RELIANCE26FEB1920CE,192000,CE,20260224,NSE,500,5
1091389,RELIANCE,RELIANCE26FEB1920PE,192000,PE,20260224,NSE,500,5
1119435,RELIANCE,RELIANCE26FEB1940CE,194000,CE,20260224,NSE,500,5
1119436,RELIANCE,RELIANCE26FEB1940PE,194000,PE,20260224,NSE,500,5
1091390,RELIANCE,RELIANCE26FEB1960CE,196000,CE,20260224,NSE,500,5
1091391,RELIANCE,RELIANCE26FEB1960PE,196000,PE,20260224,NSE,500,5
1165742,RELIANCE,RELIANCE26FEB1980CE,198000,CE,20260224,NSE,500,5
1165743,RELIANCE,RELIANCE26FEB1980PE,198000,PE,20260224,NSE,500,5
1091392,RELIANCE,RELIANCE26FEB2000CE,200000,CE,20260224,NSE,500,5
1091393,RELIANCE,RELIANCE26FEB2000PE,200000,PE,20260224,NSE,500,5
1165744,RELIANCE,RELIANCE26FEB2020CE,202000,CE,20260224,NSE,500,5
1165745,RELIANCE,RELIANCE26FEB2020PE,202000,PE,20260224,NSE,500,5
1091394,RELIANCE,RELIANCE26FEB2040CE,204000,CE,20260224,NSE,500,5
1091395,RELIANCE,RELIANCE26FEB2040PE,204000,PE,20260224,NSE,500,5
1165746,RELIANCE,RELIANCE26FEB2060CE,206000,CE,20260224,NSE,500,5
1165747,RELIANCE,RELIANCE26FEB2060PE,206000,PE,20260224,NSE,500,5
1091396,RELIANCE,RELIANCE26FEB2080CE,208000,CE,20260224,NSE,500,5
1091397,RELIANCE,RELIANCE26FEB2080PE,208000,PE,20260224,NSE,500,5
1165748,RELIANCE,RELIANCE26FEB2100CE,210000,CE,20260224,NSE,500,5
1165749,RELIANCE,RELIANCE26FEB2100PE,210000,PE,20260224,NSE,500,5
1091398,RELIANCE,RELIANCE26FEB2120CE,212000,CE,20260224,NSE,500,5
1091399,RELIANCE,RELIANCE26FEB2120PE,212000,PE,20260224,NSE,500,5
1165750,RELIANCE,RELIANCE26FEB2140CE,214000,CE,20260224,NSE,500,5
1165751,RELIANCE,RELIANCE26FEB2140PE,214000,PE,20260224,NSE,500,5
1097708,RELIANCE,RELIANCE26FEB2160CE,216000,CE,20260224,NSE,500,5
1097709,RELIANCE,RELIANCE26FEB2160PE,216000,PE,20260224,NSE,500,5
1247453,RELIANCE,RELIANCE26MAR620CE,62000,CE,20260330,NSE,500,5
1247454,RELIANCE,RELIANCE26MAR620PE,62000,PE,20260330,NSE,500,5
1247455,RELIANCE,RELIANCE26MAR640CE,64000,CE,20260330,NSE,500,5
1247456,RELIANCE,RELIANCE26MAR640PE,64000,PE,20260330,NSE,500,5
1227078,RELIANCE,RELIANCE26MAR660CE,66000,CE,20260330,NSE,500,5
1227079,RELIANCE,RELIANCE26MAR660PE,66000,PE,20260330,NSE,500,5
1191743,RELIANCE,RELIANCE26MAR680CE,68000,CE,20260330,NSE,500,5
1191744,RELIANCE,RELIANCE26MAR680PE,68000,PE,20260330,NSE,500,5
1227080,RELIANCE,RELIANCE26MAR700CE,70000,CE,20260330,NSE,500,5
1227081,RELIANCE,RELIANCE26MAR700PE,70000,PE,20260330,NSE,500,5
1188450,RELIANCE,RELIANCE26MAR720CE,72000,CE,20260330,NSE,500,5
1188451,RELIANCE,RELIANCE26MAR720PE,72000,PE,20260330,NSE,500,5
1227082,RELIANCE,RELIANCE26MAR740CE,74000,CE,20260330,NSE,500,5
1227083,RELIANCE,RELIANCE26MAR740PE,74000,PE,20260330,NSE,500,5
1185567,RELIANCE,RELIANCE26MAR760CE,76000,CE,20260330,NSE,500,5
1185568,RELIANCE,RELIANCE26MAR760PE,76000,PE,20260330,NSE,500,5
1227084,RELIANCE,RELIANCE26MAR780CE,78000,CE,20260330,NSE,500,5
1227085,RELIANCE,RELIANCE26MAR780PE,78000,PE,20260330,NSE,500,5
1165762,RELIANCE,RELIANCE26MAR800CE,80000,CE,20260330,NSE,500,5
1165763,RELIANCE,RELIANCE26MAR800PE,80000,PE,20260330,NSE,500,5
1227086,RELIANCE,RELIANCE26MAR820CE,82000,CE,20260330,NSE,500,5
1227087,RELIANCE,RELIANCE26MAR820PE,82000,PE,20260330,NSE,500,5
1165764,RELIANCE,RELIANCE26MAR840CE,84000,CE,20260330,NSE,500,5
1165765,RELIANCE,RELIANCE26MAR840PE,84000,PE,20260330,NSE,500,5
1227088,RELIANCE,RELIANCE26MAR860CE,86000,CE,20260330,NSE,500,5
1227089,RELIANCE,RELIANCE26MAR860PE,86000,PE,20260330,NSE,500,5
1165766,RELIANCE,RELIANCE26MAR880CE,88000,CE,20260330,NSE,500,5
1165767,RELIANCE,RELIANCE26MAR880PE,88000,PE,20260330,NSE,500,5
1227090,RELIANCE,RELIANCE26MAR900CE,90000,CE,20260330,NSE,500,5
1227091,RELIANCE,RELIANCE26MAR900PE,90000,PE,20260330,NSE,500,5
1165768,RELIANCE,RELIANCE26MAR920CE,92000,CE,20260330,NSE,500,5
1165769,RELIANCE,RELIANCE26MAR920PE,92000,PE,20260330,NSE,500,5
1227092,RELIANCE,RELIANCE26MAR940CE,94000,CE,20260330,NSE,500,5
1227093,RELIANCE,RELIANCE26MAR940PE,94000,PE,20260330,NSE,500,5
1165770,RELIANCE,RELIANCE26MAR960CE,96000,CE,20260330,NSE,500,5
1165771,RELIANCE,RELIANCE26MAR960PE,96000,PE,20260330,NSE,500,5
1227094,RELIANCE,RELIANCE26MAR980CE,98000,CE,20260330,NSE,500,5
1227095,RELIANCE,RELIANCE26MAR980PE,98000,PE,20260330,NSE,500,5
1247457,RELIANCE,RELIANCE26MAR990CE,99000,CE,20260330,NSE,500,5
1247458,RELIANCE,RELIANCE26MAR990PE,99000,PE,20260330,NSE,500,5
1165772,RELIANCE,RELIANCE26MAR1000CE,100000,CE,20260330,NSE,500,5
1165773,RELIANCE,RELIANCE26MAR1000PE,100000,PE,20260330,NSE,500,5
1247459,RELIANCE,RELIANCE26MAR1010CE,101000,CE,20260330,NSE,500,5
1247460,RELIANCE,RELIANCE26MAR1010PE,101000,PE,20260330,NSE,500,5
1198082,RELIANCE,RELIANCE26MAR1020CE,102000,CE,20260330,NSE,500,5
1198083,RELIANCE,RELIANCE26MAR1020PE,102000,PE,20260330,NSE,500,5
1227096,RELIANCE,RELIANCE26MAR1030CE,103000,CE,20260330,NSE,500,5
1227097,RELIANCE,RELIANCE26MAR1030PE,103000,PE,20260330,NSE,500,5
1165774,RELIANCE,RELIANCE26MAR1040CE,104000,CE,20260330,NSE,500,5
1165775,RELIANCE,RELIANCE26MAR1040PE,104000,PE,20260330,NSE,500,5
1227098,RELIANCE,RELIANCE26MAR1050CE,105000,CE,20260330,NSE,500,5
1227099,RELIANCE,RELIANCE26MAR1050PE,105000,PE,20260330,NSE,500,5
1191745,RELIANCE,RELIANCE26MAR1060CE,106000,CE,20260330,NSE,500,5
1191746,RELIANCE,RELIANCE26MAR1060PE,106000,PE,20260330,NSE,500,5
1227100,RELIANCE,RELIANCE26MAR1070CE,107000,CE,20260330,NSE,500,5
1227101,RELIANCE,RELIANCE26MAR1070PE,107000,PE,20260330,NSE,500,5
1165776,RELIANCE,RELIANCE26MAR1080CE,108000,CE,20260330,NSE,500,5
1165777,RELIANCE,RELIANCE26MAR1080PE,108000,PE,20260330,NSE,500,5
1227102,RELIANCE,RELIANCE26MAR1090CE,109000,CE,20260330,NSE,500,5
1227103,RELIANCE,RELIANCE26MAR1090PE,109000,PE,20260330,NSE,500,5
1188452,RELIANCE,RELIANCE26MAR1100CE,110000,CE,20260330,NSE,500,5
1188453,RELIANCE,RELIANCE26MAR1100PE,110000,PE,20260330,NSE,500,5
1227104,RELIANCE,RELIANCE26MAR1110CE,111000,CE,20260330,NSE,500,5
1227105,RELIANCE,RELIANCE26MAR1110PE,111000,PE,20260330,NSE,500,5
1165778,RELIANCE,RELIANCE26MAR1120CE,112000,CE,20260330,NSE,500,5
1165779,RELIANCE,RELIANCE26MAR1120PE,112000,PE,20260330,NSE,500,5
1227106,RELIANCE,RELIANCE26MAR1130CE,113000,CE,20260330,NSE,500,5
1227107,RELIANCE,RELIANCE26MAR1130PE,113000,PE,20260330,NSE,500,5
1182939,RELIANCE,RELIANCE26MAR1140CE,114000,CE,20260330,NSE,500,5
1182940,RELIANCE,RELIANCE26MAR1140PE,114000,PE,20260330,NSE,500,5
1227108,RELIANCE,RELIANCE26MAR1150CE,115000,CE,20260330,NSE,500,5
1227109,RELIANCE,RELIANCE26MAR1150PE,115000,PE,20260330,NSE,500,5
1165780,RELIANCE,RELIANCE26MAR1160CE,116000,CE,20260330,NSE,500,5
1165781,RELIANCE,RELIANCE26MAR1160PE,116000,PE,20260330,NSE,500,5
1227110,RELIANCE,RELIANCE26MAR1170CE,117000,CE,20260330,NSE,500,5
1227111,RELIANCE,RELIANCE26MAR1170PE,117000,PE,20260330,NSE,500,5
1165782,RELIANCE,RELIANCE26MAR1180CE,118000,CE,20260330,NSE,500,5
1165783,RELIANCE,RELIANCE26MAR1180PE,118000,PE,20260330,NSE,500,5
1227112,RELIANCE,RELIANCE26MAR1190CE,119000,CE,20260330,NSE,500,5
1227113,RELIANCE,RELIANCE26MAR1190PE,119000,PE,20260330,NSE,500,5
1165784,RELIANCE,RELIANCE26MAR1200CE,120000,CE,20260330,NSE,500,5
1165785,RELIANCE,RELIANCE26MAR1200PE,120000,PE,20260330,NSE,500,5
1227114,RELIANCE,RELIANCE26MAR1210CE,121000,CE,20260330,NSE,500,5
1227115,RELIANCE,RELIANCE26MAR1210PE,121000,PE,20260330,NSE,500,5
1165786,RELIANCE,RELIANCE26MAR1220CE,122000,CE,20260330,NSE,500,5
1165787,RELIANCE,RELIANCE26MAR1220PE,122000,PE,20260330,NSE,500,5
1227116,RELIANCE,RELIANCE26MAR1230CE,123000,CE,20260330,NSE,500,5
1227117,RELIANCE,RELIANCE26MAR1230PE,123000,PE,20260330,NSE,500,5
1165788,RELIANCE,RELIANCE26MAR1240CE,124000,CE,20260330,NSE,500,5
1165789,RELIANCE,RELIANCE26MAR1240PE,124000,PE,20260330,NSE,500,5
1227118,RELIANCE,RELIANCE26MAR1250CE,125000,CE,20260330,NSE,500,5
1227119,RELIANCE,RELIANCE26MAR1250PE,125000,PE,20260330,NSE,500,5
1165790,RELIANCE,RELIANCE26MAR1260CE,126000,CE,20260330,NSE,500,5
1165791,RELIANCE,RELIANCE26MAR1260PE,126000,PE,20260330,NSE,500,5
1227120,RELIANCE,RELIANCE26MAR1270CE,127000,CE,20260330,NSE,500,5
1227121,RELIANCE,RELIANCE26MAR1270PE,127000,PE,20260330,NSE,500,5
1165792,RELIANCE,RELIANCE26MAR1280CE,128000,CE,20260330,NSE,500,5
1165793,RELIANCE,RELIANCE26MAR1280PE,128000,PE,20260330,NSE,500,5
1227122,RELIANCE,RELIANCE26MAR1290CE,129000,CE,20260330,NSE,500,5
1227123,RELIANCE,RELIANCE26MAR1290PE,129000,PE,20260330,NSE,500,5
1165794,RELIANCE,RELIANCE26MAR1300CE,130000,CE,20260330,NSE,500,5
1165795,RELIANCE,RELIANCE26MAR1300PE,130000,PE,20260330,NSE,500,5
1227124,RELIANCE,RELIANCE26MAR1310CE,131000,CE,20260330,NSE,500,5
1227125,RELIANCE,RELIANCE26MAR1310PE,131000,PE,20260330,NSE,500,5
1165796,RELIANCE,RELIANCE26MAR1320CE,132000,CE,20260330,NSE,500,5
1165797,RELIANCE,RELIANCE26MAR1320PE,132000,PE,20260330,NSE,500,5
1227126,RELIANCE,RELIANCE26MAR1330CE,133000,CE,20260330,NSE,500,5
1227127,RELIANCE,RELIANCE26MAR1330PE,133000,PE,20260330,NSE,500,5
1165798,RELIANCE,RELIANCE26MAR1340CE,134000,CE,20260330,NSE,500,5
1165799,RELIANCE,RELIANCE26MAR1340PE,134000,PE,20260330,NSE,500,5
1227128,RELIANCE,RELIANCE26MAR1350CE,135000,CE,20260330,NSE,500,5
1227129,RELIANCE,RELIANCE26MAR1350PE,135000,PE,20260330,NSE,500,5
1165800,RELIANCE,RELIANCE26MAR1360CE,136000,CE,20260330,NSE,500,5
1165801,RELIANCE,RELIANCE26MAR1360PE,136000,PE,20260330,NSE,500,5
1227130,RELIANCE,RELIANCE26MAR1370CE,137000,CE,20260330,NSE,500,5
1227131,RELIANCE,RELIANCE26MAR1370PE,137000,PE,20260330,NSE,500,5
1165802,RELIANCE,RELIANCE26MAR1380CE,138000,CE,20260330,NSE,500,5
1165803,RELIANCE,RELIANCE26MAR1380PE,138000,PE,20260330,NSE,500,5
1227132,RELIANCE,RELIANCE26MAR1390CE,139000,CE,20260330,NSE,500,5
1227133,RELIANCE,RELIANCE26MAR1390PE,139000,PE,20260330,NSE,500,5
1165804,RELIANCE,RELIANCE26MAR1400CE,140000,CE,20260330,NSE,500,5
1165805,RELIANCE,RELIANCE26MAR1400PE,140000,PE,20260330,NSE,500,5
1227134,RELIANCE,RELIANCE26MAR1410CE,141000,CE,20260330,NSE,500,5
1227135,RELIANCE,RELIANCE26MAR1410PE,141000,PE,20260330,NSE,500,5
1165806,RELIANCE,RELIANCE26MAR1420CE,142000,CE,20260330,NSE,500,5
1165807,RELIANCE,RELIANCE26MAR1420PE,142000,PE,20260330,NSE,500,5
1227136,RELIANCE,RELIANCE26MAR1430CE,143000,CE,20260330,NSE,500,5
1227137,RELIANCE,RELIANCE26MAR1430PE,143000,PE,20260330,NSE,500,5
1165808,RELIANCE,RELIANCE26MAR1440CE,144000,CE,20260330,NSE,500,5
1165809,RELIANCE,RELIANCE26MAR1440PE,144000,PE,20260330,NSE,500,5
1227138,RELIANCE,RELIANCE26MAR1450CE,145000,CE,20260330,NSE,500,5
1227139,RELIANCE,RELIANCE26MAR1450PE,145000,PE,20260330,NSE,500,5
1165810,RELIANCE,RELIANCE26MAR1460CE,146000,CE,20260330,NSE,500,5
1165811,RELIANCE,RELIANCE26MAR1460PE,146000,PE,20260330,NSE,500,5
1227140,RELIANCE,RELIANCE26MAR1470CE,147000,CE,20260330,NSE,500,5
1227141,RELIANCE,RELIANCE26MAR1470PE,147000,PE,20260330,NSE,500,5
1165812,RELIANCE,RELIANCE26MAR1480CE,148000,CE,20260330,NSE,500,5
1165813,RELIANCE,RELIANCE26MAR1480PE,148000,PE,20260330,NSE,500,5
1227142,RELIANCE,RELIANCE26MAR1490CE,149000,CE,20260330,NSE,500,5
1227143,RELIANCE,RELIANCE26MAR1490PE,149000,PE,20260330,NSE,500,5
1165814,RELIANCE,RELIANCE26MAR1500CE,150000,CE,20260330,NSE,500,5
1165815,RELIANCE,RELIANCE26MAR1500PE,150000,PE,20260330,NSE,500,5
1227144,RELIANCE,RELIANCE26MAR1510CE,151000,CE,20260330,NSE,500,5
1227145,RELIANCE,RELIANCE26MAR1510PE,151000,PE,20260330,NSE,500,5
1165816,RELIANCE,RELIANCE26MAR1520CE,152000,CE,20260330,NSE,500,5
1165817,RELIANCE,RELIANCE26MAR1520PE,152000,PE,20260330,NSE,500,5
1227146,RELIANCE,RELIANCE26MAR1530CE,153000,CE,20260330,NSE,500,5
1227147,RELIANCE,RELIANCE26MAR1530PE,153000,PE,20260330,NSE,500,5
1165818,RELIANCE,RELIANCE26MAR1540CE,154000,CE,20260330,NSE,500,5
1165819,RELIANCE,RELIANCE26MAR1540PE,154000,PE,20260330,NSE,500,5
1227148,RELIANCE,RELIANCE26MAR1550CE,155000,CE,20260330,NSE,500,5
1227149,RELIANCE,RELIANCE26MAR1550PE,155000,PE,20260330,NSE,500,5
1165820,RELIANCE,RELIANCE26MAR1560CE,156000,CE,20260330,NSE,500,5
1165821,RELIANCE,RELIANCE26MAR1560PE,156000,PE,20260330,NSE,500,5
1227150,RELIANCE,RELIANCE26MAR1570CE,157000,CE,20260330,NSE,500,5
1227151,RELIANCE,RELIANCE26MAR1570PE,157000,PE,20260330,NSE,500,5
1165822,RELIANCE,RELIANCE26MAR1580CE,158000,CE,20260330,NSE,500,5
1165823,RELIANCE,RELIANCE26MAR1580PE,158000,PE,20260330,NSE,500,5
1227152,RELIANCE,RELIANCE26MAR1590CE,159000,CE,20260330,NSE,500,5
1227153,RELIANCE,RELIANCE26MAR1590PE,159000,PE,20260330,NSE,500,5
1165824,RELIANCE,RELIANCE26MAR1600CE,160000,CE,20260330,NSE,500,5
1165825,RELIANCE,RELIANCE26MAR1600PE,160000,PE,20260330,NSE,500,5
1227154,RELIANCE,RELIANCE26MAR1610CE,161000,CE,20260330,NSE,500,5
1227155,RELIANCE,RELIANCE26MAR1610PE,161000,PE,20260330,NSE,500,5
1165826,RELIANCE,RELIANCE26MAR1620CE,162000,CE,20260330,NSE,500,5
1165827,RELIANCE,RELIANCE26MAR1620PE,162000,PE,20260330,NSE,500,5
1227156,RELIANCE,RELIANCE26MAR1630CE,163000,CE,20260330,NSE,500,5
1227157,RELIANCE,RELIANCE26MAR1630PE,163000,PE,20260330,NSE,500,5
1165828,RELIANCE,RELIANCE26MAR1640CE,164000,CE,20260330,NSE,500,5
1165829,RELIANCE,RELIANCE26MAR1640PE,164000,PE,20260330,NSE,500,5
1227158,RELIANCE,RELIANCE26MAR1650CE,165000,CE,20260330,NSE,500,5
1227159,RELIANCE,RELIANCE26MAR1650PE,165000,PE,20260330,NSE,500,5
1165830,RELIANCE,RELIANCE26MAR1660CE,166000,CE,20260330,NSE,500,5
1165831,RELIANCE,RELIANCE26MAR1660PE,166000,PE,20260330,NSE,500,5
1227160,RELIANCE,RELIANCE26MAR1670CE,167000,CE,20260330,NSE,500,5
1227161,RELIANCE,RELIANCE26MAR1670PE,167000,PE,20260330,NSE,500,5
1165832,RELIANCE,RELIANCE26MAR1680CE,168000,CE,20260330,NSE,500,5
1165833,RELIANCE,RELIANCE26MAR1680PE,168000,PE,20260330,NSE,500,5
1227162,RELIANCE,RELIANCE26MAR1690CE,169000,CE,20260330,NSE,500,5
1227163,RELIANCE,RELIANCE26MAR1690PE,169000,PE,20260330,NSE,500,5
1165834,RELIANCE,RELIANCE26MAR1700CE,170000,CE,20260330,NSE,500,5
1165835,RELIANCE,RELIANCE26MAR1700PE,170000,PE,20260330,NSE,500,5
1227164,RELIANCE,RELIANCE26MAR1710CE,171000,CE,20260330,NSE,500,5
1227165,RELIANCE,RELIANCE26MAR1710PE,171000,PE,20260330,NSE,500,5
1165836,RELIANCE,RELIANCE26MAR1720CE,172000,CE,20260330,NSE,500,5
1165837,RELIANCE,RELIANCE26MAR1720PE,172000,PE,20260330,NSE,500,5
1227166,RELIANCE,RELIANCE26MAR1730CE,173000,CE,20260330,NSE,500,5
1227167,RELIANCE,RELIANCE26MAR1730PE,173000,PE,20260330,NSE,500,5
1165838,RELIANCE,RELIANCE26MAR1740CE,174000,CE,20260330,NSE,500,5
1165839,RELIANCE,RELIANCE26MAR1740PE,174000,PE,20260330,NSE,500,5
1235569,RELIANCE,RELIANCE26MAR1750CE,175000,CE,20260330,NSE,500,5
1235570,RELIANCE,RELIANCE26MAR1750PE,175000,PE,20260330,NSE,500,5
1165840,RELIANCE,RELIANCE26MAR1760CE,176000,CE,20260330,NSE,500,5
1165841,RELIANCE,RELIANCE26MAR1760PE,176000,PE,20260330,NSE,500,5
1251281,RELIANCE,RELIANCE26MAR1770CE,177000,CE,20260330,NSE,500,5
1251282,RELIANCE,RELIANCE26MAR1770PE,177000,PE,20260330,NSE,500,5
1165842,RELIANCE,RELIANCE26MAR1780CE,178000,CE,20260330,NSE,500,5
1165843,RELIANCE,RELIANCE26MAR1780PE,178000,PE,20260330,NSE,500,5
1251283,RELIANCE,RELIANCE26MAR1790CE,179000,CE,20260330,NSE,500,5
1251284,RELIANCE,RELIANCE26MAR1790PE,179000,PE,20260330,NSE,500,5
1165844,RELIANCE,RELIANCE26MAR1800CE,180000,CE,20260330,NSE,500,5
1165845,RELIANCE,RELIANCE26MAR1800PE,180000,PE,20260330,NSE,500,5
1165846,RELIANCE,RELIANCE26MAR1820CE,182000,CE,20260330,NSE,500,5
1165847,RELIANCE,RELIANCE26MAR1820PE,182000,PE,20260330,NSE,500,5
1165848,RELIANCE,RELIANCE26MAR1840CE,184000,CE,20260330,NSE,500,5
1165849,RELIANCE,RELIANCE26MAR1840PE,184000,PE,20260330,NSE,500,5
1165850,RELIANCE,RELIANCE26MAR1860CE,186000,CE,20260330,NSE,500,5
1165851,RELIANCE,RELIANCE26MAR1860PE,186000,PE,20260330,NSE,500,5
1165852,RELIANCE,RELIANCE26MAR1880CE,188000,CE,20260330,NSE,500,5
1165853,RELIANCE,RELIANCE26MAR1880PE,188000,PE,20260330,NSE,500,5
1165854,RELIANCE,RELIANCE26MAR1900CE,190000,CE,20260330,NSE,500,5
1165855,RELIANCE,RELIANCE26MAR1900PE,190000,PE,20260330,NSE,500,5
1165856,RELIANCE,RELIANCE26MAR1920CE,192000,CE,20260330,NSE,500,5
1165857,RELIANCE,RELIANCE26MAR1920PE,192000,PE,20260330,NSE,500,5
1175842,RELIANCE,RELIANCE26MAR1940CE,194000,CE,20260330,NSE,500,5
1175843,RELIANCE,RELIANCE26MAR1940PE,194000,PE,20260330,NSE,500,5
1165858,RELIANCE,RELIANCE26MAR1960CE,196000,CE,20260330,NSE,500,5
1165859,RELIANCE,RELIANCE26MAR1960PE,196000,PE,20260330,NSE,500,5
1227168,RELIANCE,RELIANCE26MAR1980CE,198000,CE,20260330,NSE,500,5
1227169,RELIANCE,RELIANCE26MAR1980PE,198000,PE,20260330,NSE,500,5
1165860,RELIANCE,RELIANCE26MAR2000CE,200000,CE,20260330,NSE,500,5
1165861,RELIANCE,RELIANCE26MAR2000PE,200000,PE,20260330,NSE,500,5
1227170,RELIANCE,RELIANCE26MAR2020CE,202000,CE,20260330,NSE,500,5
1227171,RELIANCE,RELIANCE26MAR2020PE,202000,PE,20260330,NSE,500,5
1165862,RELIANCE,RELIANCE26MAR2040CE,204000,CE,20260330,NSE,500,5
1165863,RELIANCE,RELIANCE26MAR2040PE,204000,PE,20260330,NSE,500,5
1227172,RELIANCE,RELIANCE26MAR2060CE,206000,CE,20260330,NSE,500,5
1227173,RELIANCE,RELIANCE26MAR2060PE,206000,PE,20260330,NSE,500,5
1165864,RELIANCE,RELIANCE26MAR2080CE,208000,CE,20260330,NSE,500,5
1165865,RELIANCE,RELIANCE26MAR2080PE,208000,PE,20260330,NSE,500,5
1227174,RELIANCE,RELIANCE26MAR2100CE,210000,CE,20260330,NSE,500,5
1227175,RELIANCE,RELIANCE26MAR2100PE,210000,PE,20260330,NSE,500,5
1165866,RELIANCE,RELIANCE26MAR2120CE,212000,CE,20260330,NSE,500,5
1165867,RELIANCE,RELIANCE26MAR2120PE,212000,PE,20260330,NSE,500,5
1251285,RELIANCE,RELIANCE26MAR2140CE,214000,CE,20260330,NSE,500,5
1251286,RELIANCE,RELIANCE26MAR2140PE,214000,PE,20260330,NSE,500,5
1165868,RELIANCE,RELIANCE26MAR2160CE,216000,CE,20260330,NSE,500,5
1165869,RELIANCE,RELIANCE26MAR2160PE,216000,PE,20260330,NSE,500,5
1247461,RELIANCE,RELIANCE26APR640CE,64000,CE,20260428,NSE,500,5
1247462,RELIANCE,RELIANCE26APR640PE,64000,PE,20260428,NSE,500,5
1227176,RELIANCE,RELIANCE26APR680CE,68000,CE,20260428,NSE,500,5
1227177,RELIANCE,RELIANCE26APR680PE,68000,PE,20260428,NSE,500,5
1227178,RELIANCE,RELIANCE26APR720CE,72000,CE,20260428,NSE,500,5
1227179,RELIANCE,RELIANCE26APR720PE,72000,PE,20260428,NSE,500,5
1227180,RELIANCE,RELIANCE26APR760CE,76000,CE,20260428,NSE,500,5
1227181,RELIANCE,RELIANCE26APR760PE,76000,PE,20260428,NSE,500,5
1227182,RELIANCE,RELIANCE26APR800CE,80000,CE,20260428,NSE,500,5
1227183,RELIANCE,RELIANCE26APR800PE,80000,PE,20260428,NSE,500,5
1227184,RELIANCE,RELIANCE26APR840CE,84000,CE,20260428,NSE,500,5
1227185,RELIANCE,RELIANCE26APR840PE,84000,PE,20260428,NSE,500,5
1227186,RELIANCE,RELIANCE26APR880CE,88000,CE,20260428,NSE,500,5
1227187,RELIANCE,RELIANCE26APR880PE,88000,PE,20260428,NSE,500,5
1227188,RELIANCE,RELIANCE26APR920CE,92000,CE,20260428,NSE,500,5
1227189,RELIANCE,RELIANCE26APR920PE,92000,PE,20260428,NSE,500,5
1227190,RELIANCE,RELIANCE26APR960CE,96000,CE,20260428,NSE,500,5
1227191,RELIANCE,RELIANCE26APR960PE,96000,PE,20260428,NSE,500,5
1247463,RELIANCE,RELIANCE26APR980CE,98000,CE,20260428,NSE,500,5
1247464,RELIANCE,RELIANCE26APR980PE,98000,PE,20260428,NSE,500,5
1227192,RELIANCE,RELIANCE26APR1000CE,100000,CE,20260428,NSE,500,5
1227193,RELIANCE,RELIANCE26APR1000PE,100000,PE,20260428,NSE,500,5
1227194,RELIANCE,RELIANCE26APR1020CE,102000,CE,20260428,NSE,500,5
1227195,RELIANCE,RELIANCE26APR1020PE,102000,PE,20260428,NSE,500,5
1227196,RELIANCE,RELIANCE26APR1040CE,104000,CE,20260428,NSE,500,5
1227197,RELIANCE,RELIANCE26APR1040PE,104000,PE,20260428,NSE,500,5
1227198,RELIANCE,RELIANCE26APR1060CE,106000,CE,20260428,NSE,500,5
1227199,RELIANCE,RELIANCE26APR1060PE,106000,PE,20260428,NSE,500,5
1227200,RELIANCE,RELIANCE26APR1080CE,108000,CE,20260428,NSE,500,5
1227201,RELIANCE,RELIANCE26APR1080PE,108000,PE,20260428,NSE,500,5
1227202,RELIANCE,RELIANCE26APR1100CE,110000,CE,20260428,NSE,500,5
1227203,RELIANCE,RELIANCE26APR1100PE,110000,PE,20260428,NSE,500,5
1227204,RELIANCE,RELIANCE26APR1120CE,112000,CE,20260428,NSE,500,5
1227205,RELIANCE,RELIANCE26APR1120PE,112000,PE,20260428,NSE,500,5
1227206,RELIANCE,RELIANCE26APR1140CE,114000,CE,20260428,NSE,500,5
1227207,RELIANCE,RELIANCE26APR1140PE,114000,PE,20260428,NSE,500,5
1227208,RELIANCE,RELIANCE26APR1160CE,116000,CE,20260428,NSE,500,5
1227209,RELIANCE,RELIANCE26APR1160PE,116000,PE,20260428,NSE,500,5
1227210,RELIANCE,RELIANCE26APR1180CE,118000,CE,20260428,NSE,500,5
1227211,RELIANCE,RELIANCE26APR1180PE,118000,PE,20260428,NSE,500,5
1227212,RELIANCE,RELIANCE26APR1200CE,120000,CE,20260428,NSE,500,5
1227213,RELIANCE,RELIANCE26APR1200PE,120000,PE,20260428,NSE,500,5
1227214,RELIANCE,RELIANCE26APR1220CE,122000,CE,20260428,NSE,500,5
1227215,RELIANCE,RELIANCE26APR1220PE,122000,PE,20260428,NSE,500,5
1227216,RELIANCE,RELIANCE26APR1240CE,124000,CE,20260428,NSE,500,5
1227217,RELIANCE,RELIANCE26APR1240PE,124000,PE,20260428,NSE,500,5
1227218,RELIANCE,RELIANCE26APR1260CE,126000,CE,20260428,NSE,500,5
1227219,RELIANCE,RELIANCE26APR1260PE,126000,PE,20260428,NSE,500,5
1227220,RELIANCE,RELIANCE26APR1280CE,128000,CE,20260428,NSE,500,5
1227221,RELIANCE,RELIANCE26APR1280PE,128000,PE,20260428,NSE,500,5
1227222,RELIANCE,RELIANCE26APR1300CE,130000,CE,20260428,NSE,500,5
1227223,RELIANCE,RELIANCE26APR1300PE,130000,PE,20260428,NSE,500,5
1227224,RELIANCE,RELIANCE26APR1320CE,132000,CE,20260428,NSE,500,5
1227225,RELIANCE,RELIANCE26APR1320PE,132000,PE,20260428,NSE,500,5
1227226,RELIANCE,RELIANCE26APR1340CE,134000,CE,20260428,NSE,500,5
1227227,RELIANCE,RELIANCE26APR1340PE,134000,PE,20260428,NSE,500,5
1227228,RELIANCE,RELIANCE26APR1360CE,136000,CE,20260428,NSE,500,5
1227229,RELIANCE,RELIANCE26APR1360PE,136000,PE,20260428,NSE,500,5
1227230,RELIANCE,RELIANCE26APR1380CE,138000,CE,20260428,NSE,500,5
1227231,RELIANCE,RELIANCE26APR1380PE,138000,PE,20260428,NSE,500,5
1227232,RELIANCE,RELIANCE26APR1400CE,140000,CE,20260428,NSE,500,5
1227233,RELIANCE,RELIANCE26APR1400PE,140000,PE,20260428,NSE,500,5
1227234,RELIANCE,RELIANCE26APR1420CE,142000,CE,20260428,NSE,500,5
1227235,RELIANCE,RELIANCE26APR1420PE,142000,PE,20260428,NSE,500,5
1227236,RELIANCE,RELIANCE26APR1440CE,144000,CE,20260428,NSE,500,5
1227237,RELIANCE,RELIANCE26APR1440PE,144000,PE,20260428,NSE,500,5
1227238,RELIANCE,RELIANCE26APR1460CE,146000,CE,20260428,NSE,500,5
1227239,RELIANCE,RELIANCE26APR1460PE,146000,PE,20260428,NSE,500,5
1227240,RELIANCE,RELIANCE26APR1480CE,148000,CE,20260428,NSE,500,5
1227241,RELIANCE,RELIANCE26APR1480PE,148000,PE,20260428,NSE,500,5
1227242,RELIANCE,RELIANCE26APR1500CE,150000,CE,20260428,NSE,500,5
1227243,RELIANCE,RELIANCE26APR1500PE,150000,PE,20260428,NSE,500,5
1227244,RELIANCE,RELIANCE26APR1520CE,152000,CE,20260428,NSE,500,5
1227245,RELIANCE,RELIANCE26APR1520PE,152000,PE,20260428,NSE,500,5
1227246,RELIANCE,RELIANCE26APR1540CE,154000,CE,20260428,NSE,500,5
1227247,RELIANCE,RELIANCE26APR1540PE,154000,PE,20260428,NSE,500,5
1227248,RELIANCE,RELIANCE26APR1560CE,156000,CE,20260428,NSE,500,5
1227249,RELIANCE,RELIANCE26APR1560PE,156000,PE,20260428,NSE,500,5
1227250,RELIANCE,RELIANCE26APR1580CE,158000,CE,20260428,NSE,500,5
1227251,RELIANCE,RELIANCE26APR1580PE,158000,PE,20260428,NSE,500,5
1227252,RELIANCE,RELIANCE26APR1600CE,160000,CE,20260428,NSE,500,5
1227253,RELIANCE,RELIANCE26APR1600PE,160000,PE,20260428,NSE,500,5
1227254,RELIANCE,RELIANCE26APR1620CE,162000,CE,20260428,NSE,500,5
1227255,RELIANCE,RELIANCE26APR1620PE,162000,PE,20260428,NSE,500,5
1227256,RELIANCE,RELIANCE26APR1640CE,164000,CE,20260428,NSE,500,5
1227257,RELIANCE,RELIANCE26APR1640PE,164000,PE,20260428,NSE,500,5
1227258,RELIANCE,RELIANCE26APR1660CE,166000,CE,20260428,NSE,500,5
1227259,RELIANCE,RELIANCE26APR1660PE,166000,PE,20260428,NSE,500,5
1227260,RELIANCE,RELIANCE26APR1680CE,168000,CE,20260428,NSE,500,5
1227261,RELIANCE,RELIANCE26APR1680PE,168000,PE,20260428,NSE,500,5
1227262,RELIANCE,RELIANCE26APR1700CE,170000,CE,20260428,NSE,500,5
1227263,RELIANCE,RELIANCE26APR1700PE,170000,PE,20260428,NSE,500,5
1227264,RELIANCE,RELIANCE26APR1720CE,172000,CE,20260428,NSE,500,5
1227265,RELIANCE,RELIANCE26APR1720PE,172000,PE,20260428,NSE,500,5
1227266,RELIANCE,RELIANCE26APR1740CE,174000,CE,20260428,NSE,500,5
1227267,RELIANCE,RELIANCE26APR1740PE,174000,PE,20260428,NSE,500,5
1227268,RELIANCE,RELIANCE26APR1760CE,176000,CE,20260428,NSE,500,5
1227269,RELIANCE,RELIANCE26APR1760PE,176000,PE,20260428,NSE,500,5
1251287,RELIANCE,RELIANCE26APR1780CE,178000,CE,20260428,NSE,500,5
1251288,RELIANCE,RELIANCE26APR1780PE,178000,PE,20260428,NSE,500,5
1227270,RELIANCE,RELIANCE26APR1800CE,180000,CE,20260428,NSE,500,5
1227271,RELIANCE,RELIANCE26APR1800PE,180000,PE,20260428,NSE,500,5
1227272,RELIANCE,RELIANCE26APR1840CE,184000,CE,20260428,NSE,500,5
1227273,RELIANCE,RELIANCE26APR1840PE,184000,PE,20260428,NSE,500,5
1227274,RELIANCE,RELIANCE26APR1880CE,188000,CE,20260428,NSE,500,5
1227275,RELIANCE,RELIANCE26APR1880PE,188000,PE,20260428,NSE,500,5
1227276,RELIANCE,RELIANCE26APR1920CE,192000,CE,20260428,NSE,500,5
1227277,RELIANCE,RELIANCE26APR1920PE,192000,PE,20260428,NSE,500,5
1227278,RELIANCE,RELIANCE26APR1960CE,196000,CE,20260428,NSE,500,5
1227279,RELIANCE,RELIANCE26APR1960PE,196000,PE,20260428,NSE,500,5
1227280,RELIANCE,RELIANCE26APR2000CE,200000,CE,20260428,NSE,500,5
1227281,RELIANCE,RELIANCE26APR2000PE,200000,PE,20260428,NSE,500,5
1227282,RELIANCE,RELIANCE26APR2040CE,204000,CE,20260428,NSE,500,5
1227283,RELIANCE,RELIANCE26APR2040PE,204000,PE,20260428,NSE,500,5
1227284,RELIANCE,RELIANCE26APR2080CE,208000,CE,20260428,NSE,500,5
1227285,RELIANCE,RELIANCE26APR2080PE,208000,PE,20260428,NSE,500,5
1227286,RELIANCE,RELIANCE26APR2120CE,212000,CE,20260428,NSE,500,5
1227287,RELIANCE,RELIANCE26APR2120PE,212000,PE,20260428,NSE,500,5
1251289,RELIANCE,RELIANCE26APR2160CE,216000,CE,20260428,NSE,500,5
1251290,RELIANCE,RELIANCE26APR2160PE,216000,PE,20260428,NSE,500,5
